"PROPOSAL_ID","THREADNAME_USERS","EXECUTION_NUMBER","ELAPSED_MS_PER_EXEC","LATENCY_MS_PER_EXEC","IDLETIME_MS_PER_EXEC"
1,Single_Click_Operation_Proposal_1 1-1,1,513,509,0
1,Single_Click_Operation_Proposal_1 1-1,2,50,50,0
1,Single_Click_Operation_Proposal_1 1-1,3,46,46,0
1,Single_Click_Operation_Proposal_1 1-2,1,48,48,0
1,Single_Click_Operation_Proposal_1 1-2,2,52,52,0
1,Single_Click_Operation_Proposal_1 1-2,3,45,45,0
1,Single_Click_Operation_Proposal_1 1-3,1,40,40,0
1,Single_Click_Operation_Proposal_1 1-3,2,45,44,0
1,Single_Click_Operation_Proposal_1 1-3,3,38,38,0
2,Single_Click_Operation_Proposal_2 2-1,1,42,42,0
2,Single_Click_Operation_Proposal_2 2-1,2,43,43,0
2,Single_Click_Operation_Proposal_2 2-1,3,41,41,0
2,Single_Click_Operation_Proposal_2 2-2,1,44,44,0
2,Single_Click_Operation_Proposal_2 2-2,2,40,40,0
2,Single_Click_Operation_Proposal_2 2-2,3,49,49,0
2,Single_Click_Operation_Proposal_2 2-3,1,49,49,0
2,Single_Click_Operation_Proposal_2 2-3,2,49,49,0
2,Single_Click_Operation_Proposal_2 2-3,3,45,44,0
3,Single_Click_Operation_Proposal_3 3-1,1,42,42,0
3,Single_Click_Operation_Proposal_3 3-1,2,98,98,0
3,Single_Click_Operation_Proposal_3 3-1,3,47,46,0
3,Single_Click_Operation_Proposal_3 3-2,1,46,45,0
3,Single_Click_Operation_Proposal_3 3-2,2,40,40,0
3,Single_Click_Operation_Proposal_3 3-2,3,42,42,0
3,Single_Click_Operation_Proposal_3 3-3,1,41,41,0
3,Single_Click_Operation_Proposal_3 3-3,2,48,48,0
3,Single_Click_Operation_Proposal_3 3-3,3,39,39,0
4,Single_Click_Operation_Proposal_4 4-1,1,38,38,0
4,Single_Click_Operation_Proposal_4 4-1,2,37,37,0
4,Single_Click_Operation_Proposal_4 4-1,3,36,36,0
4,Single_Click_Operation_Proposal_4 4-2,1,39,39,0
4,Single_Click_Operation_Proposal_4 4-2,2,38,38,0
4,Single_Click_Operation_Proposal_4 4-2,3,37,37,0
4,Single_Click_Operation_Proposal_4 4-3,1,50,50,0
4,Single_Click_Operation_Proposal_4 4-3,2,49,49,0
4,Single_Click_Operation_Proposal_4 4-3,3,47,47,0
5,Single_Click_Operation_Proposal_5 5-1,1,44,44,0
5,Single_Click_Operation_Proposal_5 5-1,2,40,40,0
5,Single_Click_Operation_Proposal_5 5-1,3,38,38,0
5,Single_Click_Operation_Proposal_5 5-2,1,43,43,0
5,Single_Click_Operation_Proposal_5 5-2,2,41,41,0
5,Single_Click_Operation_Proposal_5 5-2,3,43,43,0
5,Single_Click_Operation_Proposal_5 5-3,1,42,42,0
5,Single_Click_Operation_Proposal_5 5-3,2,39,39,0
5,Single_Click_Operation_Proposal_5 5-3,3,40,40,0
6,Single_Click_Operation_Proposal_6 6-1,1,36,36,0
6,Single_Click_Operation_Proposal_6 6-1,2,37,37,0
6,Single_Click_Operation_Proposal_6 6-1,3,40,40,0
6,Single_Click_Operation_Proposal_6 6-2,1,36,36,0
6,Single_Click_Operation_Proposal_6 6-2,2,37,37,0
6,Single_Click_Operation_Proposal_6 6-2,3,40,40,0
6,Single_Click_Operation_Proposal_6 6-3,1,39,39,0
6,Single_Click_Operation_Proposal_6 6-3,2,36,36,0
6,Single_Click_Operation_Proposal_6 6-3,3,37,36,0
7,Single_Click_Operation_Proposal_7 7-1,1,34,34,0
7,Single_Click_Operation_Proposal_7 7-1,2,35,35,0
7,Single_Click_Operation_Proposal_7 7-1,3,36,36,0
7,Single_Click_Operation_Proposal_7 7-2,1,34,34,0
7,Single_Click_Operation_Proposal_7 7-2,2,33,33,0
7,Single_Click_Operation_Proposal_7 7-2,3,35,35,0
7,Single_Click_Operation_Proposal_7 7-3,1,36,36,0
7,Single_Click_Operation_Proposal_7 7-3,2,34,34,0
7,Single_Click_Operation_Proposal_7 7-3,3,34,34,0
8,Single_Click_Operation_Proposal_8 8-1,1,37,37,0
8,Single_Click_Operation_Proposal_8 8-1,2,38,38,0
8,Single_Click_Operation_Proposal_8 8-1,3,38,38,0
8,Single_Click_Operation_Proposal_8 8-2,1,33,33,0
8,Single_Click_Operation_Proposal_8 8-2,2,38,37,0
8,Single_Click_Operation_Proposal_8 8-2,3,37,37,0
8,Single_Click_Operation_Proposal_8 8-3,1,35,34,0
8,Single_Click_Operation_Proposal_8 8-3,2,37,37,0
8,Single_Click_Operation_Proposal_8 8-3,3,33,33,0
9,Single_Click_Operation_Proposal_9 9-1,1,34,34,0
9,Single_Click_Operation_Proposal_9 9-1,2,35,35,0
9,Single_Click_Operation_Proposal_9 9-1,3,35,35,0
9,Single_Click_Operation_Proposal_9 9-2,1,34,34,0
9,Single_Click_Operation_Proposal_9 9-2,2,34,34,0
9,Single_Click_Operation_Proposal_9 9-2,3,36,36,0
9,Single_Click_Operation_Proposal_9 9-3,1,37,37,0
9,Single_Click_Operation_Proposal_9 9-3,2,38,38,0
9,Single_Click_Operation_Proposal_9 9-3,3,33,33,0
10,Single_Click_Operation_Proposal_10 10-1,1,34,34,0
10,Single_Click_Operation_Proposal_10 10-1,2,33,33,0
10,Single_Click_Operation_Proposal_10 10-1,3,35,34,0
10,Single_Click_Operation_Proposal_10 10-2,1,34,34,0
10,Single_Click_Operation_Proposal_10 10-2,2,36,36,0
10,Single_Click_Operation_Proposal_10 10-2,3,32,32,0
10,Single_Click_Operation_Proposal_10 10-3,1,41,41,0
10,Single_Click_Operation_Proposal_10 10-3,2,33,33,0
10,Single_Click_Operation_Proposal_10 10-3,3,31,31,0
11,Single_Click_Operation_Proposal_11 11-1,1,34,34,0
11,Single_Click_Operation_Proposal_11 11-1,2,34,34,0
11,Single_Click_Operation_Proposal_11 11-1,3,34,34,0
11,Single_Click_Operation_Proposal_11 11-2,1,36,36,0
11,Single_Click_Operation_Proposal_11 11-2,2,35,35,0
11,Single_Click_Operation_Proposal_11 11-2,3,36,36,0
11,Single_Click_Operation_Proposal_11 11-3,1,35,35,0
11,Single_Click_Operation_Proposal_11 11-3,2,33,33,0
11,Single_Click_Operation_Proposal_11 11-3,3,33,33,0
12,Single_Click_Operation_Proposal_12 12-1,1,34,34,0
12,Single_Click_Operation_Proposal_12 12-1,2,34,33,0
12,Single_Click_Operation_Proposal_12 12-1,3,34,34,0
12,Single_Click_Operation_Proposal_12 12-2,1,34,34,0
12,Single_Click_Operation_Proposal_12 12-2,2,36,36,0
12,Single_Click_Operation_Proposal_12 12-2,3,39,39,0
12,Single_Click_Operation_Proposal_12 12-3,1,36,35,0
12,Single_Click_Operation_Proposal_12 12-3,2,34,34,0
12,Single_Click_Operation_Proposal_12 12-3,3,34,34,0
13,Single_Click_Operation_Proposal_13 13-1,1,32,32,0
13,Single_Click_Operation_Proposal_13 13-1,2,35,35,0
13,Single_Click_Operation_Proposal_13 13-1,3,34,33,0
13,Single_Click_Operation_Proposal_13 13-2,1,34,34,0
13,Single_Click_Operation_Proposal_13 13-2,2,34,34,0
13,Single_Click_Operation_Proposal_13 13-2,3,36,36,0
13,Single_Click_Operation_Proposal_13 13-3,1,32,32,0
13,Single_Click_Operation_Proposal_13 13-3,2,37,37,0
13,Single_Click_Operation_Proposal_13 13-3,3,35,34,0
14,Single_Click_Operation_Proposal_14 14-1,1,35,35,0
14,Single_Click_Operation_Proposal_14 14-1,2,34,34,0
14,Single_Click_Operation_Proposal_14 14-1,3,34,34,0
14,Single_Click_Operation_Proposal_14 14-2,1,34,34,0
14,Single_Click_Operation_Proposal_14 14-2,2,40,40,0
14,Single_Click_Operation_Proposal_14 14-2,3,35,35,0
14,Single_Click_Operation_Proposal_14 14-3,1,33,33,0
14,Single_Click_Operation_Proposal_14 14-3,2,34,34,0
14,Single_Click_Operation_Proposal_14 14-3,3,35,35,0
15,Single_Click_Operation_Proposal_15 15-1,1,33,33,0
15,Single_Click_Operation_Proposal_15 15-1,2,37,37,0
15,Single_Click_Operation_Proposal_15 15-1,3,38,38,0
15,Single_Click_Operation_Proposal_15 15-2,1,32,32,0
15,Single_Click_Operation_Proposal_15 15-2,2,34,34,0
15,Single_Click_Operation_Proposal_15 15-2,3,34,34,0
15,Single_Click_Operation_Proposal_15 15-3,1,35,35,0
15,Single_Click_Operation_Proposal_15 15-3,2,36,36,0
15,Single_Click_Operation_Proposal_15 15-3,3,33,33,0
16,Single_Click_Operation_Proposal_16 16-1,1,40,40,0
16,Single_Click_Operation_Proposal_16 16-1,2,33,33,0
16,Single_Click_Operation_Proposal_16 16-1,3,34,34,0
16,Single_Click_Operation_Proposal_16 16-2,1,32,31,0
16,Single_Click_Operation_Proposal_16 16-2,2,34,34,0
16,Single_Click_Operation_Proposal_16 16-2,3,34,34,0
16,Single_Click_Operation_Proposal_16 16-3,1,35,35,0
16,Single_Click_Operation_Proposal_16 16-3,2,46,46,0
16,Single_Click_Operation_Proposal_16 16-3,3,34,34,0
17,Single_Click_Operation_Proposal_17 17-1,1,37,37,0
17,Single_Click_Operation_Proposal_17 17-1,2,38,38,0
17,Single_Click_Operation_Proposal_17 17-1,3,35,35,0
17,Single_Click_Operation_Proposal_17 17-2,1,36,36,0
17,Single_Click_Operation_Proposal_17 17-2,2,38,37,0
17,Single_Click_Operation_Proposal_17 17-2,3,33,33,0
17,Single_Click_Operation_Proposal_17 17-3,1,39,39,0
17,Single_Click_Operation_Proposal_17 17-3,2,32,32,0
17,Single_Click_Operation_Proposal_17 17-3,3,31,31,0
18,Single_Click_Operation_Proposal_18 18-1,1,32,32,0
18,Single_Click_Operation_Proposal_18 18-1,2,32,32,0
18,Single_Click_Operation_Proposal_18 18-1,3,34,34,0
18,Single_Click_Operation_Proposal_18 18-2,1,32,32,0
18,Single_Click_Operation_Proposal_18 18-2,2,34,34,0
18,Single_Click_Operation_Proposal_18 18-2,3,34,34,0
18,Single_Click_Operation_Proposal_18 18-3,1,33,33,0
18,Single_Click_Operation_Proposal_18 18-3,2,42,42,0
18,Single_Click_Operation_Proposal_18 18-3,3,34,34,0
19,Single_Click_Operation_Proposal_19 19-1,1,35,35,0
19,Single_Click_Operation_Proposal_19 19-1,2,37,37,0
19,Single_Click_Operation_Proposal_19 19-1,3,42,42,0
19,Single_Click_Operation_Proposal_19 19-2,1,35,35,0
19,Single_Click_Operation_Proposal_19 19-2,2,35,35,0
19,Single_Click_Operation_Proposal_19 19-2,3,37,37,0
19,Single_Click_Operation_Proposal_19 19-3,1,33,33,0
19,Single_Click_Operation_Proposal_19 19-3,2,31,30,0
19,Single_Click_Operation_Proposal_19 19-3,3,34,34,0
20,Single_Click_Operation_Proposal_20 20-1,1,35,35,0
20,Single_Click_Operation_Proposal_20 20-1,2,33,33,0
20,Single_Click_Operation_Proposal_20 20-1,3,34,34,0
20,Single_Click_Operation_Proposal_20 20-2,1,32,32,0
20,Single_Click_Operation_Proposal_20 20-2,2,36,36,0
20,Single_Click_Operation_Proposal_20 20-2,3,32,32,0
20,Single_Click_Operation_Proposal_20 20-3,1,34,34,0
20,Single_Click_Operation_Proposal_20 20-3,2,36,36,0
20,Single_Click_Operation_Proposal_20 20-3,3,34,34,0
21,Single_Click_Operation_Proposal_21 21-1,1,33,33,0
21,Single_Click_Operation_Proposal_21 21-1,2,31,31,0
21,Single_Click_Operation_Proposal_21 21-1,3,34,34,0
21,Single_Click_Operation_Proposal_21 21-2,1,32,32,0
21,Single_Click_Operation_Proposal_21 21-2,2,31,31,0
21,Single_Click_Operation_Proposal_21 21-2,3,31,31,0
21,Single_Click_Operation_Proposal_21 21-3,1,33,33,0
21,Single_Click_Operation_Proposal_21 21-3,2,37,37,0
21,Single_Click_Operation_Proposal_21 21-3,3,32,32,0
22,Single_Click_Operation_Proposal_22 22-1,1,35,35,0
22,Single_Click_Operation_Proposal_22 22-1,2,33,33,0
22,Single_Click_Operation_Proposal_22 22-1,3,35,35,0
22,Single_Click_Operation_Proposal_22 22-2,1,41,41,0
22,Single_Click_Operation_Proposal_22 22-2,2,33,33,0
22,Single_Click_Operation_Proposal_22 22-2,3,33,33,0
22,Single_Click_Operation_Proposal_22 22-3,1,31,31,0
22,Single_Click_Operation_Proposal_22 22-3,2,32,32,0
22,Single_Click_Operation_Proposal_22 22-3,3,35,35,0
23,Single_Click_Operation_Proposal_23 23-1,1,36,36,0
23,Single_Click_Operation_Proposal_23 23-1,2,34,34,0
23,Single_Click_Operation_Proposal_23 23-1,3,36,36,0
23,Single_Click_Operation_Proposal_23 23-2,1,38,38,0
23,Single_Click_Operation_Proposal_23 23-2,2,36,36,0
23,Single_Click_Operation_Proposal_23 23-2,3,31,31,0
23,Single_Click_Operation_Proposal_23 23-3,1,35,35,0
23,Single_Click_Operation_Proposal_23 23-3,2,33,33,0
23,Single_Click_Operation_Proposal_23 23-3,3,38,38,0
24,Single_Click_Operation_Proposal_24 24-1,1,37,37,0
24,Single_Click_Operation_Proposal_24 24-1,2,33,33,0
24,Single_Click_Operation_Proposal_24 24-1,3,31,31,0
24,Single_Click_Operation_Proposal_24 24-2,1,34,34,0
24,Single_Click_Operation_Proposal_24 24-2,2,33,33,0
24,Single_Click_Operation_Proposal_24 24-2,3,34,34,0
24,Single_Click_Operation_Proposal_24 24-3,1,33,33,0
24,Single_Click_Operation_Proposal_24 24-3,2,34,33,0
24,Single_Click_Operation_Proposal_24 24-3,3,33,33,0
25,Single_Click_Operation_Proposal_25 25-1,1,33,33,0
25,Single_Click_Operation_Proposal_25 25-1,2,33,33,0
25,Single_Click_Operation_Proposal_25 25-1,3,31,31,0
25,Single_Click_Operation_Proposal_25 25-2,1,33,33,0
25,Single_Click_Operation_Proposal_25 25-2,2,35,35,0
25,Single_Click_Operation_Proposal_25 25-2,3,30,30,0
25,Single_Click_Operation_Proposal_25 25-3,1,32,32,0
25,Single_Click_Operation_Proposal_25 25-3,2,31,31,0
25,Single_Click_Operation_Proposal_25 25-3,3,33,33,0
26,Single_Click_Operation_Proposal_26 26-1,1,32,32,0
26,Single_Click_Operation_Proposal_26 26-1,2,32,32,0
26,Single_Click_Operation_Proposal_26 26-1,3,35,35,0
26,Single_Click_Operation_Proposal_26 26-2,1,32,31,0
26,Single_Click_Operation_Proposal_26 26-2,2,31,31,0
26,Single_Click_Operation_Proposal_26 26-2,3,31,31,0
26,Single_Click_Operation_Proposal_26 26-3,1,46,46,0
26,Single_Click_Operation_Proposal_26 26-3,2,44,44,0
26,Single_Click_Operation_Proposal_26 26-3,3,37,37,0
27,Single_Click_Operation_Proposal_27 27-1,1,39,39,0
27,Single_Click_Operation_Proposal_27 27-1,2,34,34,0
27,Single_Click_Operation_Proposal_27 27-1,3,45,45,0
27,Single_Click_Operation_Proposal_27 27-2,1,33,33,0
27,Single_Click_Operation_Proposal_27 27-2,2,33,33,0
27,Single_Click_Operation_Proposal_27 27-2,3,33,33,0
27,Single_Click_Operation_Proposal_27 27-3,1,33,33,0
27,Single_Click_Operation_Proposal_27 27-3,2,36,36,0
27,Single_Click_Operation_Proposal_27 27-3,3,33,33,0
28,Single_Click_Operation_Proposal_28 28-1,1,31,31,0
28,Single_Click_Operation_Proposal_28 28-1,2,33,33,0
28,Single_Click_Operation_Proposal_28 28-1,3,33,33,0
28,Single_Click_Operation_Proposal_28 28-2,1,30,30,0
28,Single_Click_Operation_Proposal_28 28-2,2,35,35,0
28,Single_Click_Operation_Proposal_28 28-2,3,32,32,0
28,Single_Click_Operation_Proposal_28 28-3,1,32,32,0
28,Single_Click_Operation_Proposal_28 28-3,2,33,33,0
28,Single_Click_Operation_Proposal_28 28-3,3,33,33,0
29,Single_Click_Operation_Proposal_29 29-1,1,32,31,0
29,Single_Click_Operation_Proposal_29 29-1,2,33,33,0
29,Single_Click_Operation_Proposal_29 29-1,3,32,32,0
29,Single_Click_Operation_Proposal_29 29-2,1,38,38,0
29,Single_Click_Operation_Proposal_29 29-2,2,38,38,0
29,Single_Click_Operation_Proposal_29 29-2,3,33,33,0
29,Single_Click_Operation_Proposal_29 29-3,1,32,32,0
29,Single_Click_Operation_Proposal_29 29-3,2,32,32,0
29,Single_Click_Operation_Proposal_29 29-3,3,37,37,0
30,Single_Click_Operation_Proposal_30 30-1,1,35,35,0
30,Single_Click_Operation_Proposal_30 30-1,2,32,32,0
30,Single_Click_Operation_Proposal_30 30-1,3,31,31,0
30,Single_Click_Operation_Proposal_30 30-2,1,31,31,0
30,Single_Click_Operation_Proposal_30 30-2,2,32,32,0
30,Single_Click_Operation_Proposal_30 30-2,3,32,32,0
30,Single_Click_Operation_Proposal_30 30-3,1,34,34,0
30,Single_Click_Operation_Proposal_30 30-3,2,32,32,0
30,Single_Click_Operation_Proposal_30 30-3,3,33,33,0
31,Single_Click_Operation_Proposal_31 31-1,1,33,33,0
31,Single_Click_Operation_Proposal_31 31-1,2,33,33,0
31,Single_Click_Operation_Proposal_31 31-1,3,32,32,0
31,Single_Click_Operation_Proposal_31 31-2,1,30,30,0
31,Single_Click_Operation_Proposal_31 31-2,2,29,29,0
31,Single_Click_Operation_Proposal_31 31-2,3,30,30,0
31,Single_Click_Operation_Proposal_31 31-3,1,32,32,0
31,Single_Click_Operation_Proposal_31 31-3,2,32,32,0
31,Single_Click_Operation_Proposal_31 31-3,3,31,30,0
32,Single_Click_Operation_Proposal_32 32-1,1,31,30,0
32,Single_Click_Operation_Proposal_32 32-1,2,33,33,0
32,Single_Click_Operation_Proposal_32 32-1,3,36,36,0
32,Single_Click_Operation_Proposal_32 32-2,1,33,33,0
32,Single_Click_Operation_Proposal_32 32-2,2,35,35,0
32,Single_Click_Operation_Proposal_32 32-2,3,36,36,0
32,Single_Click_Operation_Proposal_32 32-3,1,32,32,0
32,Single_Click_Operation_Proposal_32 32-3,2,35,35,0
32,Single_Click_Operation_Proposal_32 32-3,3,42,42,0
33,Single_Click_Operation_Proposal_33 33-1,1,33,33,0
33,Single_Click_Operation_Proposal_33 33-1,2,31,31,0
33,Single_Click_Operation_Proposal_33 33-1,3,31,31,0
33,Single_Click_Operation_Proposal_33 33-2,1,31,31,0
33,Single_Click_Operation_Proposal_33 33-2,2,31,31,0
33,Single_Click_Operation_Proposal_33 33-2,3,29,29,0
33,Single_Click_Operation_Proposal_33 33-3,1,31,31,0
33,Single_Click_Operation_Proposal_33 33-3,2,31,31,0
33,Single_Click_Operation_Proposal_33 33-3,3,31,31,0
34,Single_Click_Operation_Proposal_34 34-1,1,31,31,0
34,Single_Click_Operation_Proposal_34 34-1,2,33,33,0
34,Single_Click_Operation_Proposal_34 34-1,3,32,32,0
34,Single_Click_Operation_Proposal_34 34-2,1,30,30,0
34,Single_Click_Operation_Proposal_34 34-2,2,31,31,0
34,Single_Click_Operation_Proposal_34 34-2,3,31,31,0
34,Single_Click_Operation_Proposal_34 34-3,1,30,30,0
34,Single_Click_Operation_Proposal_34 34-3,2,31,31,0
34,Single_Click_Operation_Proposal_34 34-3,3,29,29,0
35,Single_Click_Operation_Proposal_35 35-1,1,29,29,0
35,Single_Click_Operation_Proposal_35 35-1,2,34,34,0
35,Single_Click_Operation_Proposal_35 35-1,3,31,31,0
35,Single_Click_Operation_Proposal_35 35-2,1,31,31,0
35,Single_Click_Operation_Proposal_35 35-2,2,34,34,0
35,Single_Click_Operation_Proposal_35 35-2,3,45,45,0
35,Single_Click_Operation_Proposal_35 35-3,1,34,34,0
35,Single_Click_Operation_Proposal_35 35-3,2,37,37,0
35,Single_Click_Operation_Proposal_35 35-3,3,31,31,0
36,Single_Click_Operation_Proposal_36 36-1,1,31,31,0
36,Single_Click_Operation_Proposal_36 36-1,2,30,30,0
36,Single_Click_Operation_Proposal_36 36-1,3,33,33,0
36,Single_Click_Operation_Proposal_36 36-2,1,32,32,0
36,Single_Click_Operation_Proposal_36 36-2,2,34,34,0
36,Single_Click_Operation_Proposal_36 36-2,3,36,36,0
36,Single_Click_Operation_Proposal_36 36-3,1,32,32,0
36,Single_Click_Operation_Proposal_36 36-3,2,31,31,0
36,Single_Click_Operation_Proposal_36 36-3,3,30,30,0
37,Single_Click_Operation_Proposal_37 37-1,1,31,31,0
37,Single_Click_Operation_Proposal_37 37-1,2,31,30,0
37,Single_Click_Operation_Proposal_37 37-1,3,32,32,0
37,Single_Click_Operation_Proposal_37 37-2,1,32,32,0
37,Single_Click_Operation_Proposal_37 37-2,2,31,31,0
37,Single_Click_Operation_Proposal_37 37-2,3,30,30,0
37,Single_Click_Operation_Proposal_37 37-3,1,31,31,0
37,Single_Click_Operation_Proposal_37 37-3,2,33,33,0
37,Single_Click_Operation_Proposal_37 37-3,3,32,32,0
38,Single_Click_Operation_Proposal_38 38-1,1,31,31,0
38,Single_Click_Operation_Proposal_38 38-1,2,31,31,0
38,Single_Click_Operation_Proposal_38 38-1,3,31,31,0
38,Single_Click_Operation_Proposal_38 38-2,1,30,30,0
38,Single_Click_Operation_Proposal_38 38-2,2,31,31,0
38,Single_Click_Operation_Proposal_38 38-2,3,29,29,0
38,Single_Click_Operation_Proposal_38 38-3,1,32,32,0
38,Single_Click_Operation_Proposal_38 38-3,2,33,33,0
38,Single_Click_Operation_Proposal_38 38-3,3,36,36,0
39,Single_Click_Operation_Proposal_39 39-1,1,31,31,0
39,Single_Click_Operation_Proposal_39 39-1,2,32,32,0
39,Single_Click_Operation_Proposal_39 39-1,3,30,30,0
39,Single_Click_Operation_Proposal_39 39-2,1,29,29,0
39,Single_Click_Operation_Proposal_39 39-2,2,30,30,0
39,Single_Click_Operation_Proposal_39 39-2,3,33,33,0
39,Single_Click_Operation_Proposal_39 39-3,1,30,30,0
39,Single_Click_Operation_Proposal_39 39-3,2,29,29,0
39,Single_Click_Operation_Proposal_39 39-3,3,29,29,0
40,Single_Click_Operation_Proposal_40 40-1,1,31,31,0
40,Single_Click_Operation_Proposal_40 40-1,2,32,32,0
40,Single_Click_Operation_Proposal_40 40-1,3,31,31,0
40,Single_Click_Operation_Proposal_40 40-2,1,30,30,0
40,Single_Click_Operation_Proposal_40 40-2,2,31,31,0
40,Single_Click_Operation_Proposal_40 40-2,3,30,30,0
40,Single_Click_Operation_Proposal_40 40-3,1,29,29,0
40,Single_Click_Operation_Proposal_40 40-3,2,30,30,0
40,Single_Click_Operation_Proposal_40 40-3,3,30,30,0
41,Single_Click_Operation_Proposal_41 41-1,1,31,31,0
41,Single_Click_Operation_Proposal_41 41-1,2,29,29,0
41,Single_Click_Operation_Proposal_41 41-1,3,31,31,0
41,Single_Click_Operation_Proposal_41 41-2,1,30,30,0
41,Single_Click_Operation_Proposal_41 41-2,2,33,33,0
41,Single_Click_Operation_Proposal_41 41-2,3,32,32,0
41,Single_Click_Operation_Proposal_41 41-3,1,32,31,0
41,Single_Click_Operation_Proposal_41 41-3,2,37,37,0
41,Single_Click_Operation_Proposal_41 41-3,3,33,33,0
42,Single_Click_Operation_Proposal_42 42-1,1,33,33,0
42,Single_Click_Operation_Proposal_42 42-1,2,30,30,0
42,Single_Click_Operation_Proposal_42 42-1,3,30,30,0
42,Single_Click_Operation_Proposal_42 42-2,1,32,32,0
42,Single_Click_Operation_Proposal_42 42-2,2,31,31,0
42,Single_Click_Operation_Proposal_42 42-2,3,30,30,0
42,Single_Click_Operation_Proposal_42 42-3,1,29,29,0
42,Single_Click_Operation_Proposal_42 42-3,2,30,30,0
42,Single_Click_Operation_Proposal_42 42-3,3,33,33,0
43,Single_Click_Operation_Proposal_43 43-1,1,32,32,0
43,Single_Click_Operation_Proposal_43 43-1,2,31,31,0
43,Single_Click_Operation_Proposal_43 43-1,3,32,32,0
43,Single_Click_Operation_Proposal_43 43-2,1,31,31,0
43,Single_Click_Operation_Proposal_43 43-2,2,35,35,0
43,Single_Click_Operation_Proposal_43 43-2,3,33,33,0
43,Single_Click_Operation_Proposal_43 43-3,1,37,37,0
43,Single_Click_Operation_Proposal_43 43-3,2,32,32,0
43,Single_Click_Operation_Proposal_43 43-3,3,32,32,0
44,Single_Click_Operation_Proposal_44 44-1,1,35,35,0
44,Single_Click_Operation_Proposal_44 44-1,2,31,31,0
44,Single_Click_Operation_Proposal_44 44-1,3,31,31,0
44,Single_Click_Operation_Proposal_44 44-2,1,30,30,0
44,Single_Click_Operation_Proposal_44 44-2,2,32,32,0
44,Single_Click_Operation_Proposal_44 44-2,3,32,32,0
44,Single_Click_Operation_Proposal_44 44-3,1,30,30,0
44,Single_Click_Operation_Proposal_44 44-3,2,31,31,0
44,Single_Click_Operation_Proposal_44 44-3,3,30,30,0
45,Single_Click_Operation_Proposal_45 45-1,1,32,32,0
45,Single_Click_Operation_Proposal_45 45-1,2,37,37,0
45,Single_Click_Operation_Proposal_45 45-1,3,33,33,0
45,Single_Click_Operation_Proposal_45 45-2,1,30,30,0
45,Single_Click_Operation_Proposal_45 45-2,2,30,30,0
45,Single_Click_Operation_Proposal_45 45-2,3,31,31,0
45,Single_Click_Operation_Proposal_45 45-3,1,30,30,0
45,Single_Click_Operation_Proposal_45 45-3,2,30,30,0
45,Single_Click_Operation_Proposal_45 45-3,3,30,29,0
46,Single_Click_Operation_Proposal_46 46-1,1,30,30,0
46,Single_Click_Operation_Proposal_46 46-1,2,31,31,0
46,Single_Click_Operation_Proposal_46 46-1,3,34,34,0
46,Single_Click_Operation_Proposal_46 46-2,1,31,31,0
46,Single_Click_Operation_Proposal_46 46-2,2,31,31,0
46,Single_Click_Operation_Proposal_46 46-2,3,30,30,0
46,Single_Click_Operation_Proposal_46 46-3,1,32,32,0
46,Single_Click_Operation_Proposal_46 46-3,2,36,36,0
46,Single_Click_Operation_Proposal_46 46-3,3,31,31,0
47,Single_Click_Operation_Proposal_47 47-1,1,31,31,0
47,Single_Click_Operation_Proposal_47 47-1,2,32,32,0
47,Single_Click_Operation_Proposal_47 47-1,3,30,30,0
47,Single_Click_Operation_Proposal_47 47-2,1,31,31,0
47,Single_Click_Operation_Proposal_47 47-2,2,32,32,0
47,Single_Click_Operation_Proposal_47 47-2,3,30,30,0
47,Single_Click_Operation_Proposal_47 47-3,1,30,30,0
47,Single_Click_Operation_Proposal_47 47-3,2,33,33,0
47,Single_Click_Operation_Proposal_47 47-3,3,31,31,0
48,Single_Click_Operation_Proposal_48 48-1,1,31,31,0
48,Single_Click_Operation_Proposal_48 48-1,2,30,30,0
48,Single_Click_Operation_Proposal_48 48-1,3,32,32,0
48,Single_Click_Operation_Proposal_48 48-2,1,31,31,0
48,Single_Click_Operation_Proposal_48 48-2,2,33,33,0
48,Single_Click_Operation_Proposal_48 48-2,3,30,30,0
48,Single_Click_Operation_Proposal_48 48-3,1,31,31,0
48,Single_Click_Operation_Proposal_48 48-3,2,35,35,0
48,Single_Click_Operation_Proposal_48 48-3,3,28,28,0
49,Single_Click_Operation_Proposal_49 49-1,1,30,30,0
49,Single_Click_Operation_Proposal_49 49-1,2,29,29,0
49,Single_Click_Operation_Proposal_49 49-1,3,29,29,0
49,Single_Click_Operation_Proposal_49 49-2,1,36,36,0
49,Single_Click_Operation_Proposal_49 49-2,2,31,31,0
49,Single_Click_Operation_Proposal_49 49-2,3,29,29,0
49,Single_Click_Operation_Proposal_49 49-3,1,30,30,0
49,Single_Click_Operation_Proposal_49 49-3,2,32,32,0
49,Single_Click_Operation_Proposal_49 49-3,3,30,30,0
50,Single_Click_Operation_Proposal_50 50-1,1,31,31,0
50,Single_Click_Operation_Proposal_50 50-1,2,30,30,0
50,Single_Click_Operation_Proposal_50 50-1,3,31,30,0
50,Single_Click_Operation_Proposal_50 50-2,1,31,31,0
50,Single_Click_Operation_Proposal_50 50-2,2,29,29,0
50,Single_Click_Operation_Proposal_50 50-2,3,30,30,0
50,Single_Click_Operation_Proposal_50 50-3,1,86,86,0
50,Single_Click_Operation_Proposal_50 50-3,2,35,34,0
50,Single_Click_Operation_Proposal_50 50-3,3,31,31,0
51,Single_Click_Operation_Proposal_51 51-1,1,30,30,0
51,Single_Click_Operation_Proposal_51 51-1,2,29,29,0
51,Single_Click_Operation_Proposal_51 51-1,3,29,29,0
51,Single_Click_Operation_Proposal_51 51-2,1,32,32,0
51,Single_Click_Operation_Proposal_51 51-2,2,35,35,0
51,Single_Click_Operation_Proposal_51 51-2,3,29,29,0
51,Single_Click_Operation_Proposal_51 51-3,1,29,29,0
51,Single_Click_Operation_Proposal_51 51-3,2,31,31,0
51,Single_Click_Operation_Proposal_51 51-3,3,30,30,0
52,Single_Click_Operation_Proposal_52 52-1,1,29,29,0
52,Single_Click_Operation_Proposal_52 52-1,2,30,30,0
52,Single_Click_Operation_Proposal_52 52-1,3,29,29,0
52,Single_Click_Operation_Proposal_52 52-2,1,30,30,0
52,Single_Click_Operation_Proposal_52 52-2,2,29,29,0
52,Single_Click_Operation_Proposal_52 52-2,3,29,29,0
52,Single_Click_Operation_Proposal_52 52-3,1,28,28,0
52,Single_Click_Operation_Proposal_52 52-3,2,30,30,0
52,Single_Click_Operation_Proposal_52 52-3,3,34,34,0
53,Single_Click_Operation_Proposal_53 53-1,1,29,29,0
53,Single_Click_Operation_Proposal_53 53-1,2,31,31,0
53,Single_Click_Operation_Proposal_53 53-1,3,29,29,0
53,Single_Click_Operation_Proposal_53 53-2,1,31,31,0
53,Single_Click_Operation_Proposal_53 53-2,2,29,29,0
53,Single_Click_Operation_Proposal_53 53-2,3,29,29,0
53,Single_Click_Operation_Proposal_53 53-3,1,28,28,0
53,Single_Click_Operation_Proposal_53 53-3,2,30,30,0
53,Single_Click_Operation_Proposal_53 53-3,3,28,28,0
54,Single_Click_Operation_Proposal_54 54-1,1,29,29,0
54,Single_Click_Operation_Proposal_54 54-1,2,30,30,0
54,Single_Click_Operation_Proposal_54 54-1,3,29,29,0
54,Single_Click_Operation_Proposal_54 54-2,1,29,29,0
54,Single_Click_Operation_Proposal_54 54-2,2,37,37,0
54,Single_Click_Operation_Proposal_54 54-2,3,33,33,0
54,Single_Click_Operation_Proposal_54 54-3,1,35,35,0
54,Single_Click_Operation_Proposal_54 54-3,2,28,28,0
54,Single_Click_Operation_Proposal_54 54-3,3,28,28,0
55,Single_Click_Operation_Proposal_55 55-1,1,28,28,0
55,Single_Click_Operation_Proposal_55 55-1,2,31,31,0
55,Single_Click_Operation_Proposal_55 55-1,3,29,29,0
55,Single_Click_Operation_Proposal_55 55-2,1,28,28,0
55,Single_Click_Operation_Proposal_55 55-2,2,30,30,0
55,Single_Click_Operation_Proposal_55 55-2,3,34,34,0
55,Single_Click_Operation_Proposal_55 55-3,1,30,29,0
55,Single_Click_Operation_Proposal_55 55-3,2,30,30,0
55,Single_Click_Operation_Proposal_55 55-3,3,30,30,0
56,Single_Click_Operation_Proposal_56 56-1,1,30,30,0
56,Single_Click_Operation_Proposal_56 56-1,2,30,30,0
56,Single_Click_Operation_Proposal_56 56-1,3,30,30,0
56,Single_Click_Operation_Proposal_56 56-2,1,31,31,0
56,Single_Click_Operation_Proposal_56 56-2,2,30,30,0
56,Single_Click_Operation_Proposal_56 56-2,3,29,29,0
56,Single_Click_Operation_Proposal_56 56-3,1,31,31,0
56,Single_Click_Operation_Proposal_56 56-3,2,30,30,0
56,Single_Click_Operation_Proposal_56 56-3,3,29,29,0
57,Single_Click_Operation_Proposal_57 57-1,1,30,30,0
57,Single_Click_Operation_Proposal_57 57-1,2,30,30,0
57,Single_Click_Operation_Proposal_57 57-1,3,30,30,0
57,Single_Click_Operation_Proposal_57 57-2,1,31,31,0
57,Single_Click_Operation_Proposal_57 57-2,2,27,27,0
57,Single_Click_Operation_Proposal_57 57-2,3,28,28,0
57,Single_Click_Operation_Proposal_57 57-3,1,31,31,0
57,Single_Click_Operation_Proposal_57 57-3,2,34,34,0
57,Single_Click_Operation_Proposal_57 57-3,3,32,32,0
58,Single_Click_Operation_Proposal_58 58-1,1,30,30,0
58,Single_Click_Operation_Proposal_58 58-1,2,28,28,0
58,Single_Click_Operation_Proposal_58 58-1,3,30,30,0
58,Single_Click_Operation_Proposal_58 58-2,1,30,30,0
58,Single_Click_Operation_Proposal_58 58-2,2,29,29,0
58,Single_Click_Operation_Proposal_58 58-2,3,30,30,0
58,Single_Click_Operation_Proposal_58 58-3,1,31,31,0
58,Single_Click_Operation_Proposal_58 58-3,2,30,30,0
58,Single_Click_Operation_Proposal_58 58-3,3,29,29,0
59,Single_Click_Operation_Proposal_59 59-1,1,28,28,0
59,Single_Click_Operation_Proposal_59 59-1,2,28,28,0
59,Single_Click_Operation_Proposal_59 59-1,3,29,29,0
59,Single_Click_Operation_Proposal_59 59-2,1,29,29,0
59,Single_Click_Operation_Proposal_59 59-2,2,28,28,0
59,Single_Click_Operation_Proposal_59 59-2,3,31,31,0
59,Single_Click_Operation_Proposal_59 59-3,1,27,27,0
59,Single_Click_Operation_Proposal_59 59-3,2,29,29,0
59,Single_Click_Operation_Proposal_59 59-3,3,30,30,0
60,Single_Click_Operation_Proposal_60 60-1,1,28,27,0
60,Single_Click_Operation_Proposal_60 60-1,2,28,28,0
60,Single_Click_Operation_Proposal_60 60-1,3,29,29,0
60,Single_Click_Operation_Proposal_60 60-2,1,29,29,0
60,Single_Click_Operation_Proposal_60 60-2,2,29,29,0
60,Single_Click_Operation_Proposal_60 60-2,3,34,34,0
60,Single_Click_Operation_Proposal_60 60-3,1,28,28,0
60,Single_Click_Operation_Proposal_60 60-3,2,29,29,0
60,Single_Click_Operation_Proposal_60 60-3,3,34,34,0
61,Single_Click_Operation_Proposal_61 61-1,1,30,30,0
61,Single_Click_Operation_Proposal_61 61-1,2,28,28,0
61,Single_Click_Operation_Proposal_61 61-1,3,28,28,0
61,Single_Click_Operation_Proposal_61 61-2,1,28,28,0
61,Single_Click_Operation_Proposal_61 61-2,2,29,29,0
61,Single_Click_Operation_Proposal_61 61-2,3,30,30,0
61,Single_Click_Operation_Proposal_61 61-3,1,29,29,0
61,Single_Click_Operation_Proposal_61 61-3,2,30,30,0
61,Single_Click_Operation_Proposal_61 61-3,3,30,30,0
62,Single_Click_Operation_Proposal_62 62-1,1,29,29,0
62,Single_Click_Operation_Proposal_62 62-1,2,30,30,0
62,Single_Click_Operation_Proposal_62 62-1,3,30,30,0
62,Single_Click_Operation_Proposal_62 62-2,1,34,34,0
62,Single_Click_Operation_Proposal_62 62-2,2,30,30,0
62,Single_Click_Operation_Proposal_62 62-2,3,29,29,0
62,Single_Click_Operation_Proposal_62 62-3,1,30,30,0
62,Single_Click_Operation_Proposal_62 62-3,2,29,29,0
62,Single_Click_Operation_Proposal_62 62-3,3,29,29,0
63,Single_Click_Operation_Proposal_63 63-1,1,29,29,0
63,Single_Click_Operation_Proposal_63 63-1,2,30,30,0
63,Single_Click_Operation_Proposal_63 63-1,3,30,30,0
63,Single_Click_Operation_Proposal_63 63-2,1,28,28,0
63,Single_Click_Operation_Proposal_63 63-2,2,29,29,0
63,Single_Click_Operation_Proposal_63 63-2,3,27,27,0
63,Single_Click_Operation_Proposal_63 63-3,1,30,30,0
63,Single_Click_Operation_Proposal_63 63-3,2,30,30,0
63,Single_Click_Operation_Proposal_63 63-3,3,29,29,0
64,Single_Click_Operation_Proposal_64 64-1,1,34,34,0
64,Single_Click_Operation_Proposal_64 64-1,2,33,33,0
64,Single_Click_Operation_Proposal_64 64-1,3,29,29,0
64,Single_Click_Operation_Proposal_64 64-2,1,30,30,0
64,Single_Click_Operation_Proposal_64 64-2,2,31,31,0
64,Single_Click_Operation_Proposal_64 64-2,3,29,28,0
64,Single_Click_Operation_Proposal_64 64-3,1,28,28,0
64,Single_Click_Operation_Proposal_64 64-3,2,30,30,0
64,Single_Click_Operation_Proposal_64 64-3,3,30,30,0
65,Single_Click_Operation_Proposal_65 65-1,1,29,29,0
65,Single_Click_Operation_Proposal_65 65-1,2,29,29,0
65,Single_Click_Operation_Proposal_65 65-1,3,27,27,0
65,Single_Click_Operation_Proposal_65 65-2,1,27,27,0
65,Single_Click_Operation_Proposal_65 65-2,2,29,29,0
65,Single_Click_Operation_Proposal_65 65-2,3,30,30,0
65,Single_Click_Operation_Proposal_65 65-3,1,28,28,0
65,Single_Click_Operation_Proposal_65 65-3,2,29,29,0
65,Single_Click_Operation_Proposal_65 65-3,3,29,29,0
66,Single_Click_Operation_Proposal_66 66-1,1,28,28,0
66,Single_Click_Operation_Proposal_66 66-1,2,28,28,0
66,Single_Click_Operation_Proposal_66 66-1,3,31,31,0
66,Single_Click_Operation_Proposal_66 66-2,1,28,28,0
66,Single_Click_Operation_Proposal_66 66-2,2,28,28,0
66,Single_Click_Operation_Proposal_66 66-2,3,29,29,0
66,Single_Click_Operation_Proposal_66 66-3,1,30,30,0
66,Single_Click_Operation_Proposal_66 66-3,2,29,29,0
66,Single_Click_Operation_Proposal_66 66-3,3,29,29,0
67,Single_Click_Operation_Proposal_67 67-1,1,28,28,0
67,Single_Click_Operation_Proposal_67 67-1,2,30,30,0
67,Single_Click_Operation_Proposal_67 67-1,3,34,34,0
67,Single_Click_Operation_Proposal_67 67-2,1,29,29,0
67,Single_Click_Operation_Proposal_67 67-2,2,28,28,0
67,Single_Click_Operation_Proposal_67 67-2,3,30,30,0
67,Single_Click_Operation_Proposal_67 67-3,1,30,30,0
67,Single_Click_Operation_Proposal_67 67-3,2,28,28,0
67,Single_Click_Operation_Proposal_67 67-3,3,29,29,0
68,Single_Click_Operation_Proposal_68 68-1,1,28,28,0
68,Single_Click_Operation_Proposal_68 68-1,2,37,37,0
68,Single_Click_Operation_Proposal_68 68-1,3,28,28,0
68,Single_Click_Operation_Proposal_68 68-2,1,30,30,0
68,Single_Click_Operation_Proposal_68 68-2,2,29,29,0
68,Single_Click_Operation_Proposal_68 68-2,3,29,28,0
68,Single_Click_Operation_Proposal_68 68-3,1,30,30,0
68,Single_Click_Operation_Proposal_68 68-3,2,31,31,0
68,Single_Click_Operation_Proposal_68 68-3,3,33,33,0
69,Single_Click_Operation_Proposal_69 69-1,1,31,31,0
69,Single_Click_Operation_Proposal_69 69-1,2,29,29,0
69,Single_Click_Operation_Proposal_69 69-1,3,29,29,0
69,Single_Click_Operation_Proposal_69 69-2,1,28,28,0
69,Single_Click_Operation_Proposal_69 69-2,2,28,28,0
69,Single_Click_Operation_Proposal_69 69-2,3,28,28,0
69,Single_Click_Operation_Proposal_69 69-3,1,29,29,0
69,Single_Click_Operation_Proposal_69 69-3,2,27,27,0
69,Single_Click_Operation_Proposal_69 69-3,3,29,29,0
70,Single_Click_Operation_Proposal_70 70-1,1,29,29,0
70,Single_Click_Operation_Proposal_70 70-1,2,29,29,0
70,Single_Click_Operation_Proposal_70 70-1,3,28,28,0
70,Single_Click_Operation_Proposal_70 70-2,1,31,31,0
70,Single_Click_Operation_Proposal_70 70-2,2,31,31,0
70,Single_Click_Operation_Proposal_70 70-2,3,28,28,0
70,Single_Click_Operation_Proposal_70 70-3,1,32,32,0
70,Single_Click_Operation_Proposal_70 70-3,2,28,28,0
70,Single_Click_Operation_Proposal_70 70-3,3,30,30,0
71,Single_Click_Operation_Proposal_71 71-1,1,29,29,0
71,Single_Click_Operation_Proposal_71 71-1,2,29,29,0
71,Single_Click_Operation_Proposal_71 71-1,3,29,29,0
71,Single_Click_Operation_Proposal_71 71-2,1,29,29,0
71,Single_Click_Operation_Proposal_71 71-2,2,28,28,0
71,Single_Click_Operation_Proposal_71 71-2,3,29,29,0
71,Single_Click_Operation_Proposal_71 71-3,1,29,29,0
71,Single_Click_Operation_Proposal_71 71-3,2,30,29,0
71,Single_Click_Operation_Proposal_71 71-3,3,30,30,0
72,Single_Click_Operation_Proposal_72 72-1,1,30,30,0
72,Single_Click_Operation_Proposal_72 72-1,2,31,31,0
72,Single_Click_Operation_Proposal_72 72-1,3,29,29,0
72,Single_Click_Operation_Proposal_72 72-2,1,28,28,0
72,Single_Click_Operation_Proposal_72 72-2,2,28,28,0
72,Single_Click_Operation_Proposal_72 72-2,3,29,29,0
72,Single_Click_Operation_Proposal_72 72-3,1,30,30,0
72,Single_Click_Operation_Proposal_72 72-3,2,28,28,0
72,Single_Click_Operation_Proposal_72 72-3,3,32,32,0
73,Single_Click_Operation_Proposal_73 73-1,1,30,30,0
73,Single_Click_Operation_Proposal_73 73-1,2,34,34,0
73,Single_Click_Operation_Proposal_73 73-1,3,31,31,0
73,Single_Click_Operation_Proposal_73 73-2,1,29,29,0
73,Single_Click_Operation_Proposal_73 73-2,2,34,34,0
73,Single_Click_Operation_Proposal_73 73-2,3,37,37,0
73,Single_Click_Operation_Proposal_73 73-3,1,36,36,0
73,Single_Click_Operation_Proposal_73 73-3,2,33,33,0
73,Single_Click_Operation_Proposal_73 73-3,3,30,30,0
74,Single_Click_Operation_Proposal_74 74-1,1,30,30,0
74,Single_Click_Operation_Proposal_74 74-1,2,31,31,0
74,Single_Click_Operation_Proposal_74 74-1,3,29,29,0
74,Single_Click_Operation_Proposal_74 74-2,1,30,30,0
74,Single_Click_Operation_Proposal_74 74-2,2,33,33,0
74,Single_Click_Operation_Proposal_74 74-2,3,49,49,0
74,Single_Click_Operation_Proposal_74 74-3,1,29,29,0
74,Single_Click_Operation_Proposal_74 74-3,2,29,29,0
74,Single_Click_Operation_Proposal_74 74-3,3,32,32,0
75,Single_Click_Operation_Proposal_75 75-1,1,30,30,0
75,Single_Click_Operation_Proposal_75 75-1,2,35,35,0
75,Single_Click_Operation_Proposal_75 75-1,3,29,29,0
75,Single_Click_Operation_Proposal_75 75-2,1,30,29,0
75,Single_Click_Operation_Proposal_75 75-2,2,34,34,0
75,Single_Click_Operation_Proposal_75 75-2,3,29,29,0
75,Single_Click_Operation_Proposal_75 75-3,1,29,29,0
75,Single_Click_Operation_Proposal_75 75-3,2,29,29,0
75,Single_Click_Operation_Proposal_75 75-3,3,28,28,0
76,Single_Click_Operation_Proposal_76 76-1,1,29,29,0
76,Single_Click_Operation_Proposal_76 76-1,2,28,28,0
76,Single_Click_Operation_Proposal_76 76-1,3,29,29,0
76,Single_Click_Operation_Proposal_76 76-2,1,29,29,0
76,Single_Click_Operation_Proposal_76 76-2,2,29,29,0
76,Single_Click_Operation_Proposal_76 76-2,3,28,28,0
76,Single_Click_Operation_Proposal_76 76-3,1,31,31,0
76,Single_Click_Operation_Proposal_76 76-3,2,30,29,0
76,Single_Click_Operation_Proposal_76 76-3,3,29,29,0
77,Single_Click_Operation_Proposal_77 77-1,1,29,29,0
77,Single_Click_Operation_Proposal_77 77-1,2,30,30,0
77,Single_Click_Operation_Proposal_77 77-1,3,28,28,0
77,Single_Click_Operation_Proposal_77 77-2,1,31,31,0
77,Single_Click_Operation_Proposal_77 77-2,2,29,29,0
77,Single_Click_Operation_Proposal_77 77-2,3,30,30,0
77,Single_Click_Operation_Proposal_77 77-3,1,30,30,0
77,Single_Click_Operation_Proposal_77 77-3,2,29,29,0
77,Single_Click_Operation_Proposal_77 77-3,3,29,29,0
78,Single_Click_Operation_Proposal_78 78-1,1,30,30,0
78,Single_Click_Operation_Proposal_78 78-1,2,29,29,0
78,Single_Click_Operation_Proposal_78 78-1,3,31,31,0
78,Single_Click_Operation_Proposal_78 78-2,1,31,31,0
78,Single_Click_Operation_Proposal_78 78-2,2,31,31,0
78,Single_Click_Operation_Proposal_78 78-2,3,28,28,0
78,Single_Click_Operation_Proposal_78 78-3,1,28,28,0
78,Single_Click_Operation_Proposal_78 78-3,2,29,29,0
78,Single_Click_Operation_Proposal_78 78-3,3,29,29,0
79,Single_Click_Operation_Proposal_79 79-1,1,28,28,0
79,Single_Click_Operation_Proposal_79 79-1,2,29,29,0
79,Single_Click_Operation_Proposal_79 79-1,3,29,29,0
79,Single_Click_Operation_Proposal_79 79-2,1,30,30,0
79,Single_Click_Operation_Proposal_79 79-2,2,30,30,0
79,Single_Click_Operation_Proposal_79 79-2,3,31,31,0
79,Single_Click_Operation_Proposal_79 79-3,1,29,29,0
79,Single_Click_Operation_Proposal_79 79-3,2,30,30,0
79,Single_Click_Operation_Proposal_79 79-3,3,34,34,0
80,Single_Click_Operation_Proposal_80 80-1,1,27,27,0
80,Single_Click_Operation_Proposal_80 80-1,2,29,29,0
80,Single_Click_Operation_Proposal_80 80-1,3,28,28,0
80,Single_Click_Operation_Proposal_80 80-2,1,29,29,0
80,Single_Click_Operation_Proposal_80 80-2,2,32,32,0
80,Single_Click_Operation_Proposal_80 80-2,3,29,29,0
80,Single_Click_Operation_Proposal_80 80-3,1,29,29,0
80,Single_Click_Operation_Proposal_80 80-3,2,27,27,0
80,Single_Click_Operation_Proposal_80 80-3,3,29,29,0
81,Single_Click_Operation_Proposal_81 81-1,1,29,29,0
81,Single_Click_Operation_Proposal_81 81-1,2,26,26,0
81,Single_Click_Operation_Proposal_81 81-1,3,28,28,0
81,Single_Click_Operation_Proposal_81 81-2,1,28,28,0
81,Single_Click_Operation_Proposal_81 81-2,2,28,28,0
81,Single_Click_Operation_Proposal_81 81-2,3,29,29,0
81,Single_Click_Operation_Proposal_81 81-3,1,30,30,0
81,Single_Click_Operation_Proposal_81 81-3,2,30,30,0
81,Single_Click_Operation_Proposal_81 81-3,3,27,27,0
82,Single_Click_Operation_Proposal_82 82-1,1,27,27,0
82,Single_Click_Operation_Proposal_82 82-1,2,29,29,0
82,Single_Click_Operation_Proposal_82 82-1,3,27,27,0
82,Single_Click_Operation_Proposal_82 82-2,1,27,27,0
82,Single_Click_Operation_Proposal_82 82-2,2,28,28,0
82,Single_Click_Operation_Proposal_82 82-2,3,29,29,0
82,Single_Click_Operation_Proposal_82 82-3,1,32,32,0
82,Single_Click_Operation_Proposal_82 82-3,2,28,28,0
82,Single_Click_Operation_Proposal_82 82-3,3,29,29,0
83,Single_Click_Operation_Proposal_83 83-1,1,33,33,0
83,Single_Click_Operation_Proposal_83 83-1,2,33,33,0
83,Single_Click_Operation_Proposal_83 83-1,3,30,30,0
83,Single_Click_Operation_Proposal_83 83-2,1,30,30,0
83,Single_Click_Operation_Proposal_83 83-2,2,29,28,0
83,Single_Click_Operation_Proposal_83 83-2,3,28,28,0
83,Single_Click_Operation_Proposal_83 83-3,1,31,31,0
83,Single_Click_Operation_Proposal_83 83-3,2,31,31,0
83,Single_Click_Operation_Proposal_83 83-3,3,27,27,0
84,Single_Click_Operation_Proposal_84 84-1,1,32,32,0
84,Single_Click_Operation_Proposal_84 84-1,2,30,30,0
84,Single_Click_Operation_Proposal_84 84-1,3,29,29,0
84,Single_Click_Operation_Proposal_84 84-2,1,29,29,0
84,Single_Click_Operation_Proposal_84 84-2,2,30,30,0
84,Single_Click_Operation_Proposal_84 84-2,3,31,31,0
84,Single_Click_Operation_Proposal_84 84-3,1,28,28,0
84,Single_Click_Operation_Proposal_84 84-3,2,29,29,0
84,Single_Click_Operation_Proposal_84 84-3,3,30,30,0
85,Single_Click_Operation_Proposal_85 85-1,1,30,30,0
85,Single_Click_Operation_Proposal_85 85-1,2,28,28,0
85,Single_Click_Operation_Proposal_85 85-1,3,29,29,0
85,Single_Click_Operation_Proposal_85 85-2,1,29,29,0
85,Single_Click_Operation_Proposal_85 85-2,2,31,31,0
85,Single_Click_Operation_Proposal_85 85-2,3,30,30,0
85,Single_Click_Operation_Proposal_85 85-3,1,30,29,0
85,Single_Click_Operation_Proposal_85 85-3,2,29,29,0
85,Single_Click_Operation_Proposal_85 85-3,3,29,29,0
86,Single_Click_Operation_Proposal_86 86-1,1,29,28,0
86,Single_Click_Operation_Proposal_86 86-1,2,28,28,0
86,Single_Click_Operation_Proposal_86 86-1,3,37,37,0
86,Single_Click_Operation_Proposal_86 86-2,1,31,31,0
86,Single_Click_Operation_Proposal_86 86-2,2,29,29,0
86,Single_Click_Operation_Proposal_86 86-2,3,30,30,0
86,Single_Click_Operation_Proposal_86 86-3,1,30,30,0
86,Single_Click_Operation_Proposal_86 86-3,2,28,28,0
86,Single_Click_Operation_Proposal_86 86-3,3,29,29,0
87,Single_Click_Operation_Proposal_87 87-1,1,28,28,0
87,Single_Click_Operation_Proposal_87 87-1,2,29,29,0
87,Single_Click_Operation_Proposal_87 87-1,3,32,32,0
87,Single_Click_Operation_Proposal_87 87-2,1,29,29,0
87,Single_Click_Operation_Proposal_87 87-2,2,28,28,0
87,Single_Click_Operation_Proposal_87 87-2,3,28,28,0
87,Single_Click_Operation_Proposal_87 87-3,1,28,28,0
87,Single_Click_Operation_Proposal_87 87-3,2,30,30,0
87,Single_Click_Operation_Proposal_87 87-3,3,27,27,0
88,Single_Click_Operation_Proposal_88 88-1,1,29,29,0
88,Single_Click_Operation_Proposal_88 88-1,2,28,28,0
88,Single_Click_Operation_Proposal_88 88-1,3,29,29,0
88,Single_Click_Operation_Proposal_88 88-2,1,29,29,0
88,Single_Click_Operation_Proposal_88 88-2,2,30,30,0
88,Single_Click_Operation_Proposal_88 88-2,3,30,30,0
88,Single_Click_Operation_Proposal_88 88-3,1,28,28,0
88,Single_Click_Operation_Proposal_88 88-3,2,29,29,0
88,Single_Click_Operation_Proposal_88 88-3,3,29,29,0
89,Single_Click_Operation_Proposal_89 89-1,1,27,27,0
89,Single_Click_Operation_Proposal_89 89-1,2,29,29,0
89,Single_Click_Operation_Proposal_89 89-1,3,30,30,0
89,Single_Click_Operation_Proposal_89 89-2,1,31,31,0
89,Single_Click_Operation_Proposal_89 89-2,2,35,35,0
89,Single_Click_Operation_Proposal_89 89-2,3,30,30,0
89,Single_Click_Operation_Proposal_89 89-3,1,28,28,0
89,Single_Click_Operation_Proposal_89 89-3,2,30,30,0
89,Single_Click_Operation_Proposal_89 89-3,3,29,29,0
90,Single_Click_Operation_Proposal_90 90-1,1,28,28,0
90,Single_Click_Operation_Proposal_90 90-1,2,26,26,0
90,Single_Click_Operation_Proposal_90 90-1,3,29,29,0
90,Single_Click_Operation_Proposal_90 90-2,1,28,28,0
90,Single_Click_Operation_Proposal_90 90-2,2,29,29,0
90,Single_Click_Operation_Proposal_90 90-2,3,32,32,0
90,Single_Click_Operation_Proposal_90 90-3,1,30,30,0
90,Single_Click_Operation_Proposal_90 90-3,2,29,29,0
90,Single_Click_Operation_Proposal_90 90-3,3,28,27,0
91,Single_Click_Operation_Proposal_91 91-1,1,38,38,0
91,Single_Click_Operation_Proposal_91 91-1,2,30,30,0
91,Single_Click_Operation_Proposal_91 91-1,3,28,28,0
91,Single_Click_Operation_Proposal_91 91-2,1,29,29,0
91,Single_Click_Operation_Proposal_91 91-2,2,29,29,0
91,Single_Click_Operation_Proposal_91 91-2,3,29,29,0
91,Single_Click_Operation_Proposal_91 91-3,1,29,29,0
91,Single_Click_Operation_Proposal_91 91-3,2,26,26,0
91,Single_Click_Operation_Proposal_91 91-3,3,29,29,0
92,Single_Click_Operation_Proposal_92 92-1,1,27,27,0
92,Single_Click_Operation_Proposal_92 92-1,2,27,27,0
92,Single_Click_Operation_Proposal_92 92-1,3,29,29,0
92,Single_Click_Operation_Proposal_92 92-2,1,32,32,0
92,Single_Click_Operation_Proposal_92 92-2,2,50,50,0
92,Single_Click_Operation_Proposal_92 92-2,3,32,32,0
92,Single_Click_Operation_Proposal_92 92-3,1,32,32,0
92,Single_Click_Operation_Proposal_92 92-3,2,32,32,0
92,Single_Click_Operation_Proposal_92 92-3,3,31,31,0
93,Single_Click_Operation_Proposal_93 93-1,1,29,29,0
93,Single_Click_Operation_Proposal_93 93-1,2,29,29,0
93,Single_Click_Operation_Proposal_93 93-1,3,28,28,0
93,Single_Click_Operation_Proposal_93 93-2,1,28,28,0
93,Single_Click_Operation_Proposal_93 93-2,2,29,29,0
93,Single_Click_Operation_Proposal_93 93-2,3,29,29,0
93,Single_Click_Operation_Proposal_93 93-3,1,29,29,0
93,Single_Click_Operation_Proposal_93 93-3,2,28,28,0
93,Single_Click_Operation_Proposal_93 93-3,3,27,27,0
94,Single_Click_Operation_Proposal_94 94-1,1,28,28,0
94,Single_Click_Operation_Proposal_94 94-1,2,31,31,0
94,Single_Click_Operation_Proposal_94 94-1,3,28,28,0
94,Single_Click_Operation_Proposal_94 94-2,1,29,29,0
94,Single_Click_Operation_Proposal_94 94-2,2,29,29,0
94,Single_Click_Operation_Proposal_94 94-2,3,30,30,0
94,Single_Click_Operation_Proposal_94 94-3,1,31,31,0
94,Single_Click_Operation_Proposal_94 94-3,2,30,30,0
94,Single_Click_Operation_Proposal_94 94-3,3,29,29,0
95,Single_Click_Operation_Proposal_95 95-1,1,29,29,0
95,Single_Click_Operation_Proposal_95 95-1,2,29,29,0
95,Single_Click_Operation_Proposal_95 95-1,3,33,33,0
95,Single_Click_Operation_Proposal_95 95-2,1,28,28,0
95,Single_Click_Operation_Proposal_95 95-2,2,29,29,0
95,Single_Click_Operation_Proposal_95 95-2,3,29,29,0
95,Single_Click_Operation_Proposal_95 95-3,1,29,28,0
95,Single_Click_Operation_Proposal_95 95-3,2,30,30,0
95,Single_Click_Operation_Proposal_95 95-3,3,33,33,0
96,Single_Click_Operation_Proposal_96 96-1,1,29,29,0
96,Single_Click_Operation_Proposal_96 96-1,2,28,28,0
96,Single_Click_Operation_Proposal_96 96-1,3,26,26,0
96,Single_Click_Operation_Proposal_96 96-2,1,28,28,0
96,Single_Click_Operation_Proposal_96 96-2,2,28,28,0
96,Single_Click_Operation_Proposal_96 96-2,3,28,28,0
96,Single_Click_Operation_Proposal_96 96-3,1,28,28,0
96,Single_Click_Operation_Proposal_96 96-3,2,28,28,0
96,Single_Click_Operation_Proposal_96 96-3,3,28,28,0
97,Single_Click_Operation_Proposal_97 97-1,1,31,31,0
97,Single_Click_Operation_Proposal_97 97-1,2,28,28,0
97,Single_Click_Operation_Proposal_97 97-1,3,28,28,0
97,Single_Click_Operation_Proposal_97 97-2,1,29,29,0
97,Single_Click_Operation_Proposal_97 97-2,2,29,29,0
97,Single_Click_Operation_Proposal_97 97-2,3,29,29,0
97,Single_Click_Operation_Proposal_97 97-3,1,29,29,0
97,Single_Click_Operation_Proposal_97 97-3,2,28,28,0
97,Single_Click_Operation_Proposal_97 97-3,3,28,28,0
98,Single_Click_Operation_Proposal_98 98-1,1,28,28,0
98,Single_Click_Operation_Proposal_98 98-1,2,29,29,0
98,Single_Click_Operation_Proposal_98 98-1,3,28,28,0
98,Single_Click_Operation_Proposal_98 98-2,1,30,30,0
98,Single_Click_Operation_Proposal_98 98-2,2,29,29,0
98,Single_Click_Operation_Proposal_98 98-2,3,29,29,0
98,Single_Click_Operation_Proposal_98 98-3,1,28,28,0
98,Single_Click_Operation_Proposal_98 98-3,2,34,34,0
98,Single_Click_Operation_Proposal_98 98-3,3,30,30,0
99,Single_Click_Operation_Proposal_99 99-1,1,34,34,0
99,Single_Click_Operation_Proposal_99 99-1,2,28,28,0
99,Single_Click_Operation_Proposal_99 99-1,3,28,28,0
99,Single_Click_Operation_Proposal_99 99-2,1,27,27,0
99,Single_Click_Operation_Proposal_99 99-2,2,27,27,0
99,Single_Click_Operation_Proposal_99 99-2,3,30,30,0
99,Single_Click_Operation_Proposal_99 99-3,1,28,28,0
99,Single_Click_Operation_Proposal_99 99-3,2,29,29,0
99,Single_Click_Operation_Proposal_99 99-3,3,27,27,0
100,Single_Click_Operation_Proposal_100 100-1,1,30,30,0
100,Single_Click_Operation_Proposal_100 100-1,2,28,28,0
100,Single_Click_Operation_Proposal_100 100-1,3,28,28,0
100,Single_Click_Operation_Proposal_100 100-2,1,28,28,0
100,Single_Click_Operation_Proposal_100 100-2,2,27,27,0
100,Single_Click_Operation_Proposal_100 100-2,3,26,26,0
100,Single_Click_Operation_Proposal_100 100-3,1,27,27,0
100,Single_Click_Operation_Proposal_100 100-3,2,30,30,0
100,Single_Click_Operation_Proposal_100 100-3,3,29,29,0
101,Single_Click_Operation_Proposal_101 101-1,1,28,28,0
101,Single_Click_Operation_Proposal_101 101-1,2,28,28,0
101,Single_Click_Operation_Proposal_101 101-1,3,29,29,0
101,Single_Click_Operation_Proposal_101 101-2,1,30,30,0
101,Single_Click_Operation_Proposal_101 101-2,2,28,28,0
101,Single_Click_Operation_Proposal_101 101-2,3,29,29,0
101,Single_Click_Operation_Proposal_101 101-3,1,28,28,0
101,Single_Click_Operation_Proposal_101 101-3,2,31,31,0
101,Single_Click_Operation_Proposal_101 101-3,3,28,28,0
102,Single_Click_Operation_Proposal_102 102-1,1,27,27,0
102,Single_Click_Operation_Proposal_102 102-1,2,30,30,0
102,Single_Click_Operation_Proposal_102 102-1,3,31,31,0
102,Single_Click_Operation_Proposal_102 102-2,1,29,29,0
102,Single_Click_Operation_Proposal_102 102-2,2,29,29,0
102,Single_Click_Operation_Proposal_102 102-2,3,28,28,0
102,Single_Click_Operation_Proposal_102 102-3,1,29,29,0
102,Single_Click_Operation_Proposal_102 102-3,2,28,28,0
102,Single_Click_Operation_Proposal_102 102-3,3,29,29,0
103,Single_Click_Operation_Proposal_103 103-1,1,30,30,0
103,Single_Click_Operation_Proposal_103 103-1,2,29,29,0
103,Single_Click_Operation_Proposal_103 103-1,3,31,31,0
103,Single_Click_Operation_Proposal_103 103-2,1,27,27,0
103,Single_Click_Operation_Proposal_103 103-2,2,30,30,0
103,Single_Click_Operation_Proposal_103 103-2,3,31,31,0
103,Single_Click_Operation_Proposal_103 103-3,1,31,30,0
103,Single_Click_Operation_Proposal_103 103-3,2,30,30,0
103,Single_Click_Operation_Proposal_103 103-3,3,28,28,0
104,Single_Click_Operation_Proposal_104 104-1,1,30,29,0
104,Single_Click_Operation_Proposal_104 104-1,2,27,27,0
104,Single_Click_Operation_Proposal_104 104-1,3,30,30,0
104,Single_Click_Operation_Proposal_104 104-2,1,28,28,0
104,Single_Click_Operation_Proposal_104 104-2,2,27,27,0
104,Single_Click_Operation_Proposal_104 104-2,3,27,27,0
104,Single_Click_Operation_Proposal_104 104-3,1,28,28,0
104,Single_Click_Operation_Proposal_104 104-3,2,28,28,0
104,Single_Click_Operation_Proposal_104 104-3,3,29,29,0
105,Single_Click_Operation_Proposal_105 105-1,1,28,28,0
105,Single_Click_Operation_Proposal_105 105-1,2,30,30,0
105,Single_Click_Operation_Proposal_105 105-1,3,29,29,0
105,Single_Click_Operation_Proposal_105 105-2,1,37,37,0
105,Single_Click_Operation_Proposal_105 105-2,2,36,36,0
105,Single_Click_Operation_Proposal_105 105-2,3,30,30,0
105,Single_Click_Operation_Proposal_105 105-3,1,28,28,0
105,Single_Click_Operation_Proposal_105 105-3,2,28,28,0
105,Single_Click_Operation_Proposal_105 105-3,3,38,38,0
106,Single_Click_Operation_Proposal_106 106-1,1,29,29,0
106,Single_Click_Operation_Proposal_106 106-1,2,30,30,0
106,Single_Click_Operation_Proposal_106 106-1,3,31,31,0
106,Single_Click_Operation_Proposal_106 106-2,1,28,28,0
106,Single_Click_Operation_Proposal_106 106-2,2,30,30,0
106,Single_Click_Operation_Proposal_106 106-2,3,29,29,0
106,Single_Click_Operation_Proposal_106 106-3,1,29,29,0
106,Single_Click_Operation_Proposal_106 106-3,2,28,28,0
106,Single_Click_Operation_Proposal_106 106-3,3,30,30,0
107,Single_Click_Operation_Proposal_107 107-1,1,29,29,0
107,Single_Click_Operation_Proposal_107 107-1,2,29,29,0
107,Single_Click_Operation_Proposal_107 107-1,3,32,32,0
107,Single_Click_Operation_Proposal_107 107-2,1,49,49,0
107,Single_Click_Operation_Proposal_107 107-2,2,27,27,0
107,Single_Click_Operation_Proposal_107 107-2,3,27,27,0
107,Single_Click_Operation_Proposal_107 107-3,1,29,29,0
107,Single_Click_Operation_Proposal_107 107-3,2,28,28,0
107,Single_Click_Operation_Proposal_107 107-3,3,28,28,0
108,Single_Click_Operation_Proposal_108 108-1,1,29,29,0
108,Single_Click_Operation_Proposal_108 108-1,2,28,28,0
108,Single_Click_Operation_Proposal_108 108-1,3,28,28,0
108,Single_Click_Operation_Proposal_108 108-2,1,27,27,0
108,Single_Click_Operation_Proposal_108 108-2,2,32,32,0
108,Single_Click_Operation_Proposal_108 108-2,3,30,30,0
108,Single_Click_Operation_Proposal_108 108-3,1,32,32,0
108,Single_Click_Operation_Proposal_108 108-3,2,27,27,0
108,Single_Click_Operation_Proposal_108 108-3,3,29,29,0
109,Single_Click_Operation_Proposal_109 109-1,1,28,28,0
109,Single_Click_Operation_Proposal_109 109-1,2,35,35,0
109,Single_Click_Operation_Proposal_109 109-1,3,28,28,0
109,Single_Click_Operation_Proposal_109 109-2,1,28,28,0
109,Single_Click_Operation_Proposal_109 109-2,2,28,28,0
109,Single_Click_Operation_Proposal_109 109-2,3,29,29,0
109,Single_Click_Operation_Proposal_109 109-3,1,28,28,0
109,Single_Click_Operation_Proposal_109 109-3,2,29,29,0
109,Single_Click_Operation_Proposal_109 109-3,3,30,30,0
110,Single_Click_Operation_Proposal_110 110-1,1,31,31,0
110,Single_Click_Operation_Proposal_110 110-1,2,33,33,0
110,Single_Click_Operation_Proposal_110 110-1,3,28,28,0
110,Single_Click_Operation_Proposal_110 110-2,1,28,28,0
110,Single_Click_Operation_Proposal_110 110-2,2,29,29,0
110,Single_Click_Operation_Proposal_110 110-2,3,29,29,0
110,Single_Click_Operation_Proposal_110 110-3,1,32,32,0
110,Single_Click_Operation_Proposal_110 110-3,2,29,29,0
110,Single_Click_Operation_Proposal_110 110-3,3,28,28,0
111,Single_Click_Operation_Proposal_111 111-1,1,29,29,0
111,Single_Click_Operation_Proposal_111 111-1,2,29,29,0
111,Single_Click_Operation_Proposal_111 111-1,3,29,29,0
111,Single_Click_Operation_Proposal_111 111-2,1,30,30,0
111,Single_Click_Operation_Proposal_111 111-2,2,29,29,0
111,Single_Click_Operation_Proposal_111 111-2,3,29,29,0
111,Single_Click_Operation_Proposal_111 111-3,1,29,29,0
111,Single_Click_Operation_Proposal_111 111-3,2,31,31,0
111,Single_Click_Operation_Proposal_111 111-3,3,28,28,0
112,Single_Click_Operation_Proposal_112 112-1,1,27,27,0
112,Single_Click_Operation_Proposal_112 112-1,2,27,27,0
112,Single_Click_Operation_Proposal_112 112-1,3,28,28,0
112,Single_Click_Operation_Proposal_112 112-2,1,29,29,0
112,Single_Click_Operation_Proposal_112 112-2,2,28,28,0
112,Single_Click_Operation_Proposal_112 112-2,3,26,26,0
112,Single_Click_Operation_Proposal_112 112-3,1,29,29,0
112,Single_Click_Operation_Proposal_112 112-3,2,29,29,0
112,Single_Click_Operation_Proposal_112 112-3,3,35,35,0
113,Single_Click_Operation_Proposal_113 113-1,1,29,29,0
113,Single_Click_Operation_Proposal_113 113-1,2,29,29,0
113,Single_Click_Operation_Proposal_113 113-1,3,29,29,0
113,Single_Click_Operation_Proposal_113 113-2,1,28,28,0
113,Single_Click_Operation_Proposal_113 113-2,2,28,28,0
113,Single_Click_Operation_Proposal_113 113-2,3,30,30,0
113,Single_Click_Operation_Proposal_113 113-3,1,29,29,0
113,Single_Click_Operation_Proposal_113 113-3,2,29,29,0
113,Single_Click_Operation_Proposal_113 113-3,3,28,28,0
114,Single_Click_Operation_Proposal_114 114-1,1,27,27,0
114,Single_Click_Operation_Proposal_114 114-1,2,30,30,0
114,Single_Click_Operation_Proposal_114 114-1,3,28,28,0
114,Single_Click_Operation_Proposal_114 114-2,1,29,29,0
114,Single_Click_Operation_Proposal_114 114-2,2,29,29,0
114,Single_Click_Operation_Proposal_114 114-2,3,28,28,0
114,Single_Click_Operation_Proposal_114 114-3,1,29,29,0
114,Single_Click_Operation_Proposal_114 114-3,2,28,28,0
114,Single_Click_Operation_Proposal_114 114-3,3,30,30,0
115,Single_Click_Operation_Proposal_115 115-1,1,30,30,0
115,Single_Click_Operation_Proposal_115 115-1,2,30,30,0
115,Single_Click_Operation_Proposal_115 115-1,3,28,28,0
115,Single_Click_Operation_Proposal_115 115-2,1,26,26,0
115,Single_Click_Operation_Proposal_115 115-2,2,28,28,0
115,Single_Click_Operation_Proposal_115 115-2,3,29,29,0
115,Single_Click_Operation_Proposal_115 115-3,1,29,29,0
115,Single_Click_Operation_Proposal_115 115-3,2,31,31,0
115,Single_Click_Operation_Proposal_115 115-3,3,26,26,0
116,Single_Click_Operation_Proposal_116 116-1,1,29,29,0
116,Single_Click_Operation_Proposal_116 116-1,2,30,30,0
116,Single_Click_Operation_Proposal_116 116-1,3,28,28,0
116,Single_Click_Operation_Proposal_116 116-2,1,29,29,0
116,Single_Click_Operation_Proposal_116 116-2,2,30,30,0
116,Single_Click_Operation_Proposal_116 116-2,3,27,27,0
116,Single_Click_Operation_Proposal_116 116-3,1,28,28,0
116,Single_Click_Operation_Proposal_116 116-3,2,27,27,0
116,Single_Click_Operation_Proposal_116 116-3,3,28,28,0
117,Single_Click_Operation_Proposal_117 117-1,1,27,27,0
117,Single_Click_Operation_Proposal_117 117-1,2,29,29,0
117,Single_Click_Operation_Proposal_117 117-1,3,26,26,0
117,Single_Click_Operation_Proposal_117 117-2,1,31,31,0
117,Single_Click_Operation_Proposal_117 117-2,2,36,36,0
117,Single_Click_Operation_Proposal_117 117-2,3,28,28,0
117,Single_Click_Operation_Proposal_117 117-3,1,29,28,0
117,Single_Click_Operation_Proposal_117 117-3,2,27,27,0
117,Single_Click_Operation_Proposal_117 117-3,3,28,28,0
118,Single_Click_Operation_Proposal_118 118-1,1,30,30,0
118,Single_Click_Operation_Proposal_118 118-1,2,33,33,0
118,Single_Click_Operation_Proposal_118 118-1,3,28,28,0
118,Single_Click_Operation_Proposal_118 118-2,1,28,28,0
118,Single_Click_Operation_Proposal_118 118-2,2,27,27,0
118,Single_Click_Operation_Proposal_118 118-2,3,28,28,0
118,Single_Click_Operation_Proposal_118 118-3,1,26,26,0
118,Single_Click_Operation_Proposal_118 118-3,2,29,29,0
118,Single_Click_Operation_Proposal_118 118-3,3,26,26,0
119,Single_Click_Operation_Proposal_119 119-1,1,27,27,0
119,Single_Click_Operation_Proposal_119 119-1,2,29,29,0
119,Single_Click_Operation_Proposal_119 119-1,3,40,40,0
119,Single_Click_Operation_Proposal_119 119-2,1,29,29,0
119,Single_Click_Operation_Proposal_119 119-2,2,29,29,0
119,Single_Click_Operation_Proposal_119 119-2,3,31,31,0
119,Single_Click_Operation_Proposal_119 119-3,1,32,32,0
119,Single_Click_Operation_Proposal_119 119-3,2,29,29,0
119,Single_Click_Operation_Proposal_119 119-3,3,29,29,0
120,Single_Click_Operation_Proposal_120 120-1,1,28,28,0
120,Single_Click_Operation_Proposal_120 120-1,2,30,30,0
120,Single_Click_Operation_Proposal_120 120-1,3,29,29,0
120,Single_Click_Operation_Proposal_120 120-2,1,29,29,0
120,Single_Click_Operation_Proposal_120 120-2,2,29,29,0
120,Single_Click_Operation_Proposal_120 120-2,3,31,31,0
120,Single_Click_Operation_Proposal_120 120-3,1,57,57,0
120,Single_Click_Operation_Proposal_120 120-3,2,34,34,0
120,Single_Click_Operation_Proposal_120 120-3,3,29,29,0
121,Single_Click_Operation_Proposal_121 121-1,1,27,27,0
121,Single_Click_Operation_Proposal_121 121-1,2,30,30,0
121,Single_Click_Operation_Proposal_121 121-1,3,31,31,0
121,Single_Click_Operation_Proposal_121 121-2,1,32,32,0
121,Single_Click_Operation_Proposal_121 121-2,2,29,29,0
121,Single_Click_Operation_Proposal_121 121-2,3,29,29,0
121,Single_Click_Operation_Proposal_121 121-3,1,29,29,0
121,Single_Click_Operation_Proposal_121 121-3,2,30,30,0
121,Single_Click_Operation_Proposal_121 121-3,3,29,29,0
122,Single_Click_Operation_Proposal_122 122-1,1,29,29,0
122,Single_Click_Operation_Proposal_122 122-1,2,30,30,0
122,Single_Click_Operation_Proposal_122 122-1,3,29,29,0
122,Single_Click_Operation_Proposal_122 122-2,1,29,29,0
122,Single_Click_Operation_Proposal_122 122-2,2,28,28,0
122,Single_Click_Operation_Proposal_122 122-2,3,26,26,0
122,Single_Click_Operation_Proposal_122 122-3,1,29,29,0
122,Single_Click_Operation_Proposal_122 122-3,2,32,32,0
122,Single_Click_Operation_Proposal_122 122-3,3,33,33,0
123,Single_Click_Operation_Proposal_123 123-1,1,29,29,0
123,Single_Click_Operation_Proposal_123 123-1,2,28,28,0
123,Single_Click_Operation_Proposal_123 123-1,3,31,31,0
123,Single_Click_Operation_Proposal_123 123-2,1,30,30,0
123,Single_Click_Operation_Proposal_123 123-2,2,31,30,0
123,Single_Click_Operation_Proposal_123 123-2,3,32,32,0
123,Single_Click_Operation_Proposal_123 123-3,1,32,32,0
123,Single_Click_Operation_Proposal_123 123-3,2,32,32,0
123,Single_Click_Operation_Proposal_123 123-3,3,30,30,0
124,Single_Click_Operation_Proposal_124 124-1,1,37,37,0
124,Single_Click_Operation_Proposal_124 124-1,2,29,29,0
124,Single_Click_Operation_Proposal_124 124-1,3,36,36,0
124,Single_Click_Operation_Proposal_124 124-2,1,46,46,0
124,Single_Click_Operation_Proposal_124 124-2,2,41,41,0
124,Single_Click_Operation_Proposal_124 124-2,3,31,31,0
124,Single_Click_Operation_Proposal_124 124-3,1,28,28,0
124,Single_Click_Operation_Proposal_124 124-3,2,27,27,0
124,Single_Click_Operation_Proposal_124 124-3,3,28,28,0
125,Single_Click_Operation_Proposal_125 125-1,1,31,31,0
125,Single_Click_Operation_Proposal_125 125-1,2,30,30,0
125,Single_Click_Operation_Proposal_125 125-1,3,29,29,0
125,Single_Click_Operation_Proposal_125 125-2,1,33,33,0
125,Single_Click_Operation_Proposal_125 125-2,2,31,31,0
125,Single_Click_Operation_Proposal_125 125-2,3,30,30,0
125,Single_Click_Operation_Proposal_125 125-3,1,30,30,0
125,Single_Click_Operation_Proposal_125 125-3,2,29,29,0
125,Single_Click_Operation_Proposal_125 125-3,3,31,30,0
126,Single_Click_Operation_Proposal_126 126-1,1,32,32,0
126,Single_Click_Operation_Proposal_126 126-1,2,32,32,0
126,Single_Click_Operation_Proposal_126 126-1,3,41,41,0
126,Single_Click_Operation_Proposal_126 126-2,1,39,39,0
126,Single_Click_Operation_Proposal_126 126-2,2,30,30,0
126,Single_Click_Operation_Proposal_126 126-2,3,29,29,0
126,Single_Click_Operation_Proposal_126 126-3,1,30,30,0
126,Single_Click_Operation_Proposal_126 126-3,2,29,29,0
126,Single_Click_Operation_Proposal_126 126-3,3,29,29,0
127,Single_Click_Operation_Proposal_127 127-1,1,29,29,0
127,Single_Click_Operation_Proposal_127 127-1,2,30,30,0
127,Single_Click_Operation_Proposal_127 127-1,3,30,30,0
127,Single_Click_Operation_Proposal_127 127-2,1,28,28,0
127,Single_Click_Operation_Proposal_127 127-2,2,28,28,0
127,Single_Click_Operation_Proposal_127 127-2,3,31,31,0
127,Single_Click_Operation_Proposal_127 127-3,1,32,32,0
127,Single_Click_Operation_Proposal_127 127-3,2,28,28,0
127,Single_Click_Operation_Proposal_127 127-3,3,28,28,0
128,Single_Click_Operation_Proposal_128 128-1,1,29,29,0
128,Single_Click_Operation_Proposal_128 128-1,2,28,28,0
128,Single_Click_Operation_Proposal_128 128-1,3,29,29,0
128,Single_Click_Operation_Proposal_128 128-2,1,29,29,0
128,Single_Click_Operation_Proposal_128 128-2,2,31,31,0
128,Single_Click_Operation_Proposal_128 128-2,3,30,30,0
128,Single_Click_Operation_Proposal_128 128-3,1,30,30,0
128,Single_Click_Operation_Proposal_128 128-3,2,28,28,0
128,Single_Click_Operation_Proposal_128 128-3,3,27,27,0
129,Single_Click_Operation_Proposal_129 129-1,1,28,28,0
129,Single_Click_Operation_Proposal_129 129-1,2,28,28,0
129,Single_Click_Operation_Proposal_129 129-1,3,27,27,0
129,Single_Click_Operation_Proposal_129 129-2,1,29,29,0
129,Single_Click_Operation_Proposal_129 129-2,2,30,29,0
129,Single_Click_Operation_Proposal_129 129-2,3,32,32,0
129,Single_Click_Operation_Proposal_129 129-3,1,28,28,0
129,Single_Click_Operation_Proposal_129 129-3,2,29,29,0
129,Single_Click_Operation_Proposal_129 129-3,3,28,28,0
130,Single_Click_Operation_Proposal_130 130-1,1,28,28,0
130,Single_Click_Operation_Proposal_130 130-1,2,28,28,0
130,Single_Click_Operation_Proposal_130 130-1,3,27,27,0
130,Single_Click_Operation_Proposal_130 130-2,1,30,30,0
130,Single_Click_Operation_Proposal_130 130-2,2,27,27,0
130,Single_Click_Operation_Proposal_130 130-2,3,28,28,0
130,Single_Click_Operation_Proposal_130 130-3,1,30,30,0
130,Single_Click_Operation_Proposal_130 130-3,2,30,30,0
130,Single_Click_Operation_Proposal_130 130-3,3,33,33,0
131,Single_Click_Operation_Proposal_131 131-1,1,29,29,0
131,Single_Click_Operation_Proposal_131 131-1,2,29,29,0
131,Single_Click_Operation_Proposal_131 131-1,3,40,40,0
131,Single_Click_Operation_Proposal_131 131-2,1,31,31,0
131,Single_Click_Operation_Proposal_131 131-2,2,29,29,0
131,Single_Click_Operation_Proposal_131 131-2,3,31,31,0
131,Single_Click_Operation_Proposal_131 131-3,1,28,28,0
131,Single_Click_Operation_Proposal_131 131-3,2,29,29,0
131,Single_Click_Operation_Proposal_131 131-3,3,32,32,0
132,Single_Click_Operation_Proposal_132 132-1,1,29,29,0
132,Single_Click_Operation_Proposal_132 132-1,2,29,29,0
132,Single_Click_Operation_Proposal_132 132-1,3,29,29,0
132,Single_Click_Operation_Proposal_132 132-2,1,30,30,0
132,Single_Click_Operation_Proposal_132 132-2,2,29,29,0
132,Single_Click_Operation_Proposal_132 132-2,3,30,30,0
132,Single_Click_Operation_Proposal_132 132-3,1,32,32,0
132,Single_Click_Operation_Proposal_132 132-3,2,33,33,0
132,Single_Click_Operation_Proposal_132 132-3,3,31,31,0
133,Single_Click_Operation_Proposal_133 133-1,1,58,58,0
133,Single_Click_Operation_Proposal_133 133-1,2,28,28,0
133,Single_Click_Operation_Proposal_133 133-1,3,29,29,0
133,Single_Click_Operation_Proposal_133 133-2,1,28,28,0
133,Single_Click_Operation_Proposal_133 133-2,2,28,28,0
133,Single_Click_Operation_Proposal_133 133-2,3,29,29,0
133,Single_Click_Operation_Proposal_133 133-3,1,28,28,0
133,Single_Click_Operation_Proposal_133 133-3,2,32,32,0
133,Single_Click_Operation_Proposal_133 133-3,3,28,28,0
134,Single_Click_Operation_Proposal_134 134-1,1,32,32,0
134,Single_Click_Operation_Proposal_134 134-1,2,29,29,0
134,Single_Click_Operation_Proposal_134 134-1,3,29,29,0
134,Single_Click_Operation_Proposal_134 134-2,1,25,25,0
134,Single_Click_Operation_Proposal_134 134-2,2,29,29,0
134,Single_Click_Operation_Proposal_134 134-2,3,33,33,0
134,Single_Click_Operation_Proposal_134 134-3,1,28,28,0
134,Single_Click_Operation_Proposal_134 134-3,2,28,28,0
134,Single_Click_Operation_Proposal_134 134-3,3,30,30,0
135,Single_Click_Operation_Proposal_135 135-1,1,27,27,0
135,Single_Click_Operation_Proposal_135 135-1,2,30,30,0
135,Single_Click_Operation_Proposal_135 135-1,3,28,28,0
135,Single_Click_Operation_Proposal_135 135-2,1,30,30,0
135,Single_Click_Operation_Proposal_135 135-2,2,28,28,0
135,Single_Click_Operation_Proposal_135 135-2,3,28,27,0
135,Single_Click_Operation_Proposal_135 135-3,1,28,28,0
135,Single_Click_Operation_Proposal_135 135-3,2,29,29,0
135,Single_Click_Operation_Proposal_135 135-3,3,28,28,0
136,Single_Click_Operation_Proposal_136 136-1,1,30,30,0
136,Single_Click_Operation_Proposal_136 136-1,2,29,29,0
136,Single_Click_Operation_Proposal_136 136-1,3,29,29,0
136,Single_Click_Operation_Proposal_136 136-2,1,29,29,0
136,Single_Click_Operation_Proposal_136 136-2,2,29,29,0
136,Single_Click_Operation_Proposal_136 136-2,3,29,29,0
136,Single_Click_Operation_Proposal_136 136-3,1,28,28,0
136,Single_Click_Operation_Proposal_136 136-3,2,29,29,0
136,Single_Click_Operation_Proposal_136 136-3,3,30,30,0
137,Single_Click_Operation_Proposal_137 137-1,1,28,28,0
137,Single_Click_Operation_Proposal_137 137-1,2,28,28,0
137,Single_Click_Operation_Proposal_137 137-1,3,28,28,0
137,Single_Click_Operation_Proposal_137 137-2,1,29,29,0
137,Single_Click_Operation_Proposal_137 137-2,2,28,28,0
137,Single_Click_Operation_Proposal_137 137-2,3,28,28,0
137,Single_Click_Operation_Proposal_137 137-3,1,28,28,0
137,Single_Click_Operation_Proposal_137 137-3,2,28,28,0
137,Single_Click_Operation_Proposal_137 137-3,3,26,26,0
138,Single_Click_Operation_Proposal_138 138-1,1,34,34,0
138,Single_Click_Operation_Proposal_138 138-1,2,28,28,0
138,Single_Click_Operation_Proposal_138 138-1,3,29,29,0
138,Single_Click_Operation_Proposal_138 138-2,1,28,28,0
138,Single_Click_Operation_Proposal_138 138-2,2,31,31,0
138,Single_Click_Operation_Proposal_138 138-2,3,30,30,0
138,Single_Click_Operation_Proposal_138 138-3,1,28,28,0
138,Single_Click_Operation_Proposal_138 138-3,2,28,27,0
138,Single_Click_Operation_Proposal_138 138-3,3,28,28,0
139,Single_Click_Operation_Proposal_139 139-1,1,27,27,0
139,Single_Click_Operation_Proposal_139 139-1,2,28,28,0
139,Single_Click_Operation_Proposal_139 139-1,3,27,27,0
139,Single_Click_Operation_Proposal_139 139-2,1,28,28,0
139,Single_Click_Operation_Proposal_139 139-2,2,28,28,0
139,Single_Click_Operation_Proposal_139 139-2,3,30,30,0
139,Single_Click_Operation_Proposal_139 139-3,1,30,30,0
139,Single_Click_Operation_Proposal_139 139-3,2,29,29,0
139,Single_Click_Operation_Proposal_139 139-3,3,29,29,0
140,Single_Click_Operation_Proposal_140 140-1,1,30,30,0
140,Single_Click_Operation_Proposal_140 140-1,2,28,28,0
140,Single_Click_Operation_Proposal_140 140-1,3,27,27,0
140,Single_Click_Operation_Proposal_140 140-2,1,28,28,0
140,Single_Click_Operation_Proposal_140 140-2,2,29,29,0
140,Single_Click_Operation_Proposal_140 140-2,3,28,28,0
140,Single_Click_Operation_Proposal_140 140-3,1,27,27,0
140,Single_Click_Operation_Proposal_140 140-3,2,29,29,0
140,Single_Click_Operation_Proposal_140 140-3,3,28,28,0
141,Single_Click_Operation_Proposal_141 141-1,1,29,29,0
141,Single_Click_Operation_Proposal_141 141-1,2,30,30,0
141,Single_Click_Operation_Proposal_141 141-1,3,31,31,0
141,Single_Click_Operation_Proposal_141 141-2,1,30,30,0
141,Single_Click_Operation_Proposal_141 141-2,2,36,36,0
141,Single_Click_Operation_Proposal_141 141-2,3,28,28,0
141,Single_Click_Operation_Proposal_141 141-3,1,33,33,0
141,Single_Click_Operation_Proposal_141 141-3,2,30,30,0
141,Single_Click_Operation_Proposal_141 141-3,3,26,26,0
142,Single_Click_Operation_Proposal_142 142-1,1,28,28,0
142,Single_Click_Operation_Proposal_142 142-1,2,30,30,0
142,Single_Click_Operation_Proposal_142 142-1,3,30,29,0
142,Single_Click_Operation_Proposal_142 142-2,1,29,29,0
142,Single_Click_Operation_Proposal_142 142-2,2,29,29,0
142,Single_Click_Operation_Proposal_142 142-2,3,29,29,0
142,Single_Click_Operation_Proposal_142 142-3,1,34,34,0
142,Single_Click_Operation_Proposal_142 142-3,2,32,32,0
142,Single_Click_Operation_Proposal_142 142-3,3,30,30,0
143,Single_Click_Operation_Proposal_143 143-1,1,27,27,0
143,Single_Click_Operation_Proposal_143 143-1,2,29,29,0
143,Single_Click_Operation_Proposal_143 143-1,3,28,28,0
143,Single_Click_Operation_Proposal_143 143-2,1,28,28,0
143,Single_Click_Operation_Proposal_143 143-2,2,29,29,0
143,Single_Click_Operation_Proposal_143 143-2,3,31,31,0
143,Single_Click_Operation_Proposal_143 143-3,1,30,30,0
143,Single_Click_Operation_Proposal_143 143-3,2,42,42,0
143,Single_Click_Operation_Proposal_143 143-3,3,31,31,0
144,Single_Click_Operation_Proposal_144 144-1,1,30,30,0
144,Single_Click_Operation_Proposal_144 144-1,2,28,28,0
144,Single_Click_Operation_Proposal_144 144-1,3,30,30,0
144,Single_Click_Operation_Proposal_144 144-2,1,29,29,0
144,Single_Click_Operation_Proposal_144 144-2,2,30,30,0
144,Single_Click_Operation_Proposal_144 144-2,3,29,29,0
144,Single_Click_Operation_Proposal_144 144-3,1,27,27,0
144,Single_Click_Operation_Proposal_144 144-3,2,29,29,0
144,Single_Click_Operation_Proposal_144 144-3,3,30,30,0
145,Single_Click_Operation_Proposal_145 145-1,1,28,27,0
145,Single_Click_Operation_Proposal_145 145-1,2,28,28,0
145,Single_Click_Operation_Proposal_145 145-1,3,29,29,0
145,Single_Click_Operation_Proposal_145 145-2,1,29,29,0
145,Single_Click_Operation_Proposal_145 145-2,2,29,29,0
145,Single_Click_Operation_Proposal_145 145-2,3,29,29,0
145,Single_Click_Operation_Proposal_145 145-3,1,32,32,0
145,Single_Click_Operation_Proposal_145 145-3,2,28,28,0
145,Single_Click_Operation_Proposal_145 145-3,3,28,28,0
146,Single_Click_Operation_Proposal_146 146-1,1,29,29,0
146,Single_Click_Operation_Proposal_146 146-1,2,28,28,0
146,Single_Click_Operation_Proposal_146 146-1,3,31,31,0
146,Single_Click_Operation_Proposal_146 146-2,1,29,29,0
146,Single_Click_Operation_Proposal_146 146-2,2,30,30,0
146,Single_Click_Operation_Proposal_146 146-2,3,31,31,0
146,Single_Click_Operation_Proposal_146 146-3,1,33,33,0
146,Single_Click_Operation_Proposal_146 146-3,2,34,34,0
146,Single_Click_Operation_Proposal_146 146-3,3,30,30,0
147,Single_Click_Operation_Proposal_147 147-1,1,29,29,0
147,Single_Click_Operation_Proposal_147 147-1,2,29,29,0
147,Single_Click_Operation_Proposal_147 147-1,3,31,31,0
147,Single_Click_Operation_Proposal_147 147-2,1,31,31,0
147,Single_Click_Operation_Proposal_147 147-2,2,28,28,0
147,Single_Click_Operation_Proposal_147 147-2,3,29,29,0
147,Single_Click_Operation_Proposal_147 147-3,1,33,32,0
147,Single_Click_Operation_Proposal_147 147-3,2,28,28,0
147,Single_Click_Operation_Proposal_147 147-3,3,29,29,0
148,Single_Click_Operation_Proposal_148 148-1,1,29,29,0
148,Single_Click_Operation_Proposal_148 148-1,2,29,29,0
148,Single_Click_Operation_Proposal_148 148-1,3,30,30,0
148,Single_Click_Operation_Proposal_148 148-2,1,31,31,0
148,Single_Click_Operation_Proposal_148 148-2,2,32,32,0
148,Single_Click_Operation_Proposal_148 148-2,3,29,29,0
148,Single_Click_Operation_Proposal_148 148-3,1,31,31,0
148,Single_Click_Operation_Proposal_148 148-3,2,27,27,0
148,Single_Click_Operation_Proposal_148 148-3,3,29,29,0
149,Single_Click_Operation_Proposal_149 149-1,1,29,29,0
149,Single_Click_Operation_Proposal_149 149-1,2,29,29,0
149,Single_Click_Operation_Proposal_149 149-1,3,30,30,0
149,Single_Click_Operation_Proposal_149 149-2,1,30,30,0
149,Single_Click_Operation_Proposal_149 149-2,2,29,29,0
149,Single_Click_Operation_Proposal_149 149-2,3,29,29,0
149,Single_Click_Operation_Proposal_149 149-3,1,29,29,0
149,Single_Click_Operation_Proposal_149 149-3,2,29,29,0
149,Single_Click_Operation_Proposal_149 149-3,3,29,29,0
150,Single_Click_Operation_Proposal_150 150-1,1,33,33,0
150,Single_Click_Operation_Proposal_150 150-1,2,28,28,0
150,Single_Click_Operation_Proposal_150 150-1,3,30,30,0
150,Single_Click_Operation_Proposal_150 150-2,1,28,28,0
150,Single_Click_Operation_Proposal_150 150-2,2,29,29,0
150,Single_Click_Operation_Proposal_150 150-2,3,27,27,0
150,Single_Click_Operation_Proposal_150 150-3,1,41,41,0
150,Single_Click_Operation_Proposal_150 150-3,2,28,28,0
150,Single_Click_Operation_Proposal_150 150-3,3,28,27,0
151,Single_Click_Operation_Proposal_151 151-1,1,28,28,0
151,Single_Click_Operation_Proposal_151 151-1,2,28,28,0
151,Single_Click_Operation_Proposal_151 151-1,3,28,28,0
151,Single_Click_Operation_Proposal_151 151-2,1,28,28,0
151,Single_Click_Operation_Proposal_151 151-2,2,30,30,0
151,Single_Click_Operation_Proposal_151 151-2,3,30,30,0
151,Single_Click_Operation_Proposal_151 151-3,1,30,30,0
151,Single_Click_Operation_Proposal_151 151-3,2,30,30,0
151,Single_Click_Operation_Proposal_151 151-3,3,30,30,0
152,Single_Click_Operation_Proposal_152 152-1,1,30,30,0
152,Single_Click_Operation_Proposal_152 152-1,2,29,29,0
152,Single_Click_Operation_Proposal_152 152-1,3,28,28,0
152,Single_Click_Operation_Proposal_152 152-2,1,37,37,0
152,Single_Click_Operation_Proposal_152 152-2,2,32,32,0
152,Single_Click_Operation_Proposal_152 152-2,3,28,28,0
152,Single_Click_Operation_Proposal_152 152-3,1,27,26,0
152,Single_Click_Operation_Proposal_152 152-3,2,28,28,0
152,Single_Click_Operation_Proposal_152 152-3,3,30,30,0
153,Single_Click_Operation_Proposal_153 153-1,1,29,28,0
153,Single_Click_Operation_Proposal_153 153-1,2,31,31,0
153,Single_Click_Operation_Proposal_153 153-1,3,31,31,0
153,Single_Click_Operation_Proposal_153 153-2,1,28,28,0
153,Single_Click_Operation_Proposal_153 153-2,2,27,27,0
153,Single_Click_Operation_Proposal_153 153-2,3,28,28,0
153,Single_Click_Operation_Proposal_153 153-3,1,30,30,0
153,Single_Click_Operation_Proposal_153 153-3,2,45,45,0
153,Single_Click_Operation_Proposal_153 153-3,3,30,30,0
154,Single_Click_Operation_Proposal_154 154-1,1,32,32,0
154,Single_Click_Operation_Proposal_154 154-1,2,29,29,0
154,Single_Click_Operation_Proposal_154 154-1,3,29,29,0
154,Single_Click_Operation_Proposal_154 154-2,1,28,28,0
154,Single_Click_Operation_Proposal_154 154-2,2,32,32,0
154,Single_Click_Operation_Proposal_154 154-2,3,29,29,0
154,Single_Click_Operation_Proposal_154 154-3,1,31,31,0
154,Single_Click_Operation_Proposal_154 154-3,2,30,30,0
154,Single_Click_Operation_Proposal_154 154-3,3,29,29,0
155,Single_Click_Operation_Proposal_155 155-1,1,28,28,0
155,Single_Click_Operation_Proposal_155 155-1,2,30,30,0
155,Single_Click_Operation_Proposal_155 155-1,3,28,28,0
155,Single_Click_Operation_Proposal_155 155-2,1,29,29,0
155,Single_Click_Operation_Proposal_155 155-2,2,28,28,0
155,Single_Click_Operation_Proposal_155 155-2,3,34,34,0
155,Single_Click_Operation_Proposal_155 155-3,1,30,30,0
155,Single_Click_Operation_Proposal_155 155-3,2,28,28,0
155,Single_Click_Operation_Proposal_155 155-3,3,29,29,0
156,Single_Click_Operation_Proposal_156 156-1,1,28,28,0
156,Single_Click_Operation_Proposal_156 156-1,2,29,29,0
156,Single_Click_Operation_Proposal_156 156-1,3,31,31,0
156,Single_Click_Operation_Proposal_156 156-2,1,34,34,0
156,Single_Click_Operation_Proposal_156 156-2,2,30,30,0
156,Single_Click_Operation_Proposal_156 156-2,3,29,29,0
156,Single_Click_Operation_Proposal_156 156-3,1,28,28,0
156,Single_Click_Operation_Proposal_156 156-3,2,28,28,0
156,Single_Click_Operation_Proposal_156 156-3,3,28,28,0
157,Single_Click_Operation_Proposal_157 157-1,1,28,28,0
157,Single_Click_Operation_Proposal_157 157-1,2,28,28,0
157,Single_Click_Operation_Proposal_157 157-1,3,33,33,0
157,Single_Click_Operation_Proposal_157 157-2,1,31,31,0
157,Single_Click_Operation_Proposal_157 157-2,2,28,28,0
157,Single_Click_Operation_Proposal_157 157-2,3,29,29,0
157,Single_Click_Operation_Proposal_157 157-3,1,30,30,0
157,Single_Click_Operation_Proposal_157 157-3,2,29,29,0
157,Single_Click_Operation_Proposal_157 157-3,3,30,30,0
158,Single_Click_Operation_Proposal_158 158-1,1,29,29,0
158,Single_Click_Operation_Proposal_158 158-1,2,29,28,0
158,Single_Click_Operation_Proposal_158 158-1,3,29,29,0
158,Single_Click_Operation_Proposal_158 158-2,1,27,27,0
158,Single_Click_Operation_Proposal_158 158-2,2,29,29,0
158,Single_Click_Operation_Proposal_158 158-2,3,28,28,0
158,Single_Click_Operation_Proposal_158 158-3,1,27,27,0
158,Single_Click_Operation_Proposal_158 158-3,2,29,29,0
158,Single_Click_Operation_Proposal_158 158-3,3,29,29,0
159,Single_Click_Operation_Proposal_159 159-1,1,28,28,0
159,Single_Click_Operation_Proposal_159 159-1,2,28,28,0
159,Single_Click_Operation_Proposal_159 159-1,3,29,29,0
159,Single_Click_Operation_Proposal_159 159-2,1,28,28,0
159,Single_Click_Operation_Proposal_159 159-2,2,30,30,0
159,Single_Click_Operation_Proposal_159 159-2,3,34,34,0
159,Single_Click_Operation_Proposal_159 159-3,1,29,29,0
159,Single_Click_Operation_Proposal_159 159-3,2,29,29,0
159,Single_Click_Operation_Proposal_159 159-3,3,34,34,0
160,Single_Click_Operation_Proposal_160 160-1,1,30,30,0
160,Single_Click_Operation_Proposal_160 160-1,2,29,29,0
160,Single_Click_Operation_Proposal_160 160-1,3,30,30,0
160,Single_Click_Operation_Proposal_160 160-2,1,31,31,0
160,Single_Click_Operation_Proposal_160 160-2,2,30,30,0
160,Single_Click_Operation_Proposal_160 160-2,3,41,41,0
160,Single_Click_Operation_Proposal_160 160-3,1,27,27,0
160,Single_Click_Operation_Proposal_160 160-3,2,30,30,0
160,Single_Click_Operation_Proposal_160 160-3,3,29,29,0
161,Single_Click_Operation_Proposal_161 161-1,1,31,31,0
161,Single_Click_Operation_Proposal_161 161-1,2,29,29,0
161,Single_Click_Operation_Proposal_161 161-1,3,28,28,0
161,Single_Click_Operation_Proposal_161 161-2,1,29,29,0
161,Single_Click_Operation_Proposal_161 161-2,2,28,27,0
161,Single_Click_Operation_Proposal_161 161-2,3,29,29,0
161,Single_Click_Operation_Proposal_161 161-3,1,29,29,0
161,Single_Click_Operation_Proposal_161 161-3,2,33,33,0
161,Single_Click_Operation_Proposal_161 161-3,3,40,40,0
162,Single_Click_Operation_Proposal_162 162-1,1,28,28,0
162,Single_Click_Operation_Proposal_162 162-1,2,29,29,0
162,Single_Click_Operation_Proposal_162 162-1,3,29,29,0
162,Single_Click_Operation_Proposal_162 162-2,1,29,29,0
162,Single_Click_Operation_Proposal_162 162-2,2,30,30,0
162,Single_Click_Operation_Proposal_162 162-2,3,29,29,0
162,Single_Click_Operation_Proposal_162 162-3,1,32,32,0
162,Single_Click_Operation_Proposal_162 162-3,2,33,33,0
162,Single_Click_Operation_Proposal_162 162-3,3,29,29,0
163,Single_Click_Operation_Proposal_163 163-1,1,28,28,0
163,Single_Click_Operation_Proposal_163 163-1,2,31,31,0
163,Single_Click_Operation_Proposal_163 163-1,3,29,29,0
163,Single_Click_Operation_Proposal_163 163-2,1,41,41,0
163,Single_Click_Operation_Proposal_163 163-2,2,30,30,0
163,Single_Click_Operation_Proposal_163 163-2,3,30,30,0
163,Single_Click_Operation_Proposal_163 163-3,1,30,30,0
163,Single_Click_Operation_Proposal_163 163-3,2,29,28,0
163,Single_Click_Operation_Proposal_163 163-3,3,29,29,0
164,Single_Click_Operation_Proposal_164 164-1,1,32,32,0
164,Single_Click_Operation_Proposal_164 164-1,2,30,30,0
164,Single_Click_Operation_Proposal_164 164-1,3,32,32,0
164,Single_Click_Operation_Proposal_164 164-2,1,30,30,0
164,Single_Click_Operation_Proposal_164 164-2,2,30,30,0
164,Single_Click_Operation_Proposal_164 164-2,3,30,30,0
164,Single_Click_Operation_Proposal_164 164-3,1,28,28,0
164,Single_Click_Operation_Proposal_164 164-3,2,30,30,0
164,Single_Click_Operation_Proposal_164 164-3,3,30,30,0
165,Single_Click_Operation_Proposal_165 165-1,1,29,29,0
165,Single_Click_Operation_Proposal_165 165-1,2,31,31,0
165,Single_Click_Operation_Proposal_165 165-1,3,31,31,0
165,Single_Click_Operation_Proposal_165 165-2,1,29,29,0
165,Single_Click_Operation_Proposal_165 165-2,2,29,29,0
165,Single_Click_Operation_Proposal_165 165-2,3,30,30,0
165,Single_Click_Operation_Proposal_165 165-3,1,29,29,0
165,Single_Click_Operation_Proposal_165 165-3,2,30,30,0
165,Single_Click_Operation_Proposal_165 165-3,3,30,30,0
166,Single_Click_Operation_Proposal_166 166-1,1,31,31,0
166,Single_Click_Operation_Proposal_166 166-1,2,33,33,0
166,Single_Click_Operation_Proposal_166 166-1,3,29,29,0
166,Single_Click_Operation_Proposal_166 166-2,1,29,29,0
166,Single_Click_Operation_Proposal_166 166-2,2,30,30,0
166,Single_Click_Operation_Proposal_166 166-2,3,30,30,0
166,Single_Click_Operation_Proposal_166 166-3,1,29,29,0
166,Single_Click_Operation_Proposal_166 166-3,2,29,29,0
166,Single_Click_Operation_Proposal_166 166-3,3,30,30,0
167,Single_Click_Operation_Proposal_167 167-1,1,30,30,0
167,Single_Click_Operation_Proposal_167 167-1,2,30,30,0
167,Single_Click_Operation_Proposal_167 167-1,3,29,29,0
167,Single_Click_Operation_Proposal_167 167-2,1,29,29,0
167,Single_Click_Operation_Proposal_167 167-2,2,29,29,0
167,Single_Click_Operation_Proposal_167 167-2,3,29,29,0
167,Single_Click_Operation_Proposal_167 167-3,1,29,29,0
167,Single_Click_Operation_Proposal_167 167-3,2,31,31,0
167,Single_Click_Operation_Proposal_167 167-3,3,31,31,0
168,Single_Click_Operation_Proposal_168 168-1,1,30,30,0
168,Single_Click_Operation_Proposal_168 168-1,2,31,31,0
168,Single_Click_Operation_Proposal_168 168-1,3,30,30,0
168,Single_Click_Operation_Proposal_168 168-2,1,32,32,0
168,Single_Click_Operation_Proposal_168 168-2,2,32,32,0
168,Single_Click_Operation_Proposal_168 168-2,3,31,30,0
168,Single_Click_Operation_Proposal_168 168-3,1,31,31,0
168,Single_Click_Operation_Proposal_168 168-3,2,30,30,0
168,Single_Click_Operation_Proposal_168 168-3,3,29,29,0
169,Single_Click_Operation_Proposal_169 169-1,1,29,29,0
169,Single_Click_Operation_Proposal_169 169-1,2,30,30,0
169,Single_Click_Operation_Proposal_169 169-1,3,30,30,0
169,Single_Click_Operation_Proposal_169 169-2,1,29,29,0
169,Single_Click_Operation_Proposal_169 169-2,2,30,30,0
169,Single_Click_Operation_Proposal_169 169-2,3,32,32,0
169,Single_Click_Operation_Proposal_169 169-3,1,31,31,0
169,Single_Click_Operation_Proposal_169 169-3,2,31,31,0
169,Single_Click_Operation_Proposal_169 169-3,3,30,30,0
170,Single_Click_Operation_Proposal_170 170-1,1,30,30,0
170,Single_Click_Operation_Proposal_170 170-1,2,29,29,0
170,Single_Click_Operation_Proposal_170 170-1,3,31,31,0
170,Single_Click_Operation_Proposal_170 170-2,1,30,30,0
170,Single_Click_Operation_Proposal_170 170-2,2,34,34,0
170,Single_Click_Operation_Proposal_170 170-2,3,29,29,0
170,Single_Click_Operation_Proposal_170 170-3,1,31,31,0
170,Single_Click_Operation_Proposal_170 170-3,2,29,29,0
170,Single_Click_Operation_Proposal_170 170-3,3,38,38,0
171,Single_Click_Operation_Proposal_171 171-1,1,30,30,0
171,Single_Click_Operation_Proposal_171 171-1,2,31,31,0
171,Single_Click_Operation_Proposal_171 171-1,3,28,28,0
171,Single_Click_Operation_Proposal_171 171-2,1,29,29,0
171,Single_Click_Operation_Proposal_171 171-2,2,30,30,0
171,Single_Click_Operation_Proposal_171 171-2,3,32,32,0
171,Single_Click_Operation_Proposal_171 171-3,1,28,28,0
171,Single_Click_Operation_Proposal_171 171-3,2,31,31,0
171,Single_Click_Operation_Proposal_171 171-3,3,29,29,0
172,Single_Click_Operation_Proposal_172 172-1,1,31,31,0
172,Single_Click_Operation_Proposal_172 172-1,2,30,30,0
172,Single_Click_Operation_Proposal_172 172-1,3,33,33,0
172,Single_Click_Operation_Proposal_172 172-2,1,54,54,0
172,Single_Click_Operation_Proposal_172 172-2,2,28,28,0
172,Single_Click_Operation_Proposal_172 172-2,3,30,30,0
172,Single_Click_Operation_Proposal_172 172-3,1,31,31,0
172,Single_Click_Operation_Proposal_172 172-3,2,29,29,0
172,Single_Click_Operation_Proposal_172 172-3,3,32,32,0
173,Single_Click_Operation_Proposal_173 173-1,1,28,28,0
173,Single_Click_Operation_Proposal_173 173-1,2,28,28,0
173,Single_Click_Operation_Proposal_173 173-1,3,29,29,0
173,Single_Click_Operation_Proposal_173 173-2,1,30,30,0
173,Single_Click_Operation_Proposal_173 173-2,2,29,29,0
173,Single_Click_Operation_Proposal_173 173-2,3,29,29,0
173,Single_Click_Operation_Proposal_173 173-3,1,29,29,0
173,Single_Click_Operation_Proposal_173 173-3,2,28,28,0
173,Single_Click_Operation_Proposal_173 173-3,3,29,29,0
174,Single_Click_Operation_Proposal_174 174-1,1,28,28,0
174,Single_Click_Operation_Proposal_174 174-1,2,28,28,0
174,Single_Click_Operation_Proposal_174 174-1,3,30,30,0
174,Single_Click_Operation_Proposal_174 174-2,1,29,29,0
174,Single_Click_Operation_Proposal_174 174-2,2,29,29,0
174,Single_Click_Operation_Proposal_174 174-2,3,30,30,0
174,Single_Click_Operation_Proposal_174 174-3,1,31,31,0
174,Single_Click_Operation_Proposal_174 174-3,2,30,30,0
174,Single_Click_Operation_Proposal_174 174-3,3,29,29,0
175,Single_Click_Operation_Proposal_175 175-1,1,29,29,0
175,Single_Click_Operation_Proposal_175 175-1,2,32,32,0
175,Single_Click_Operation_Proposal_175 175-1,3,36,36,0
175,Single_Click_Operation_Proposal_175 175-2,1,29,29,0
175,Single_Click_Operation_Proposal_175 175-2,2,28,28,0
175,Single_Click_Operation_Proposal_175 175-2,3,30,30,0
175,Single_Click_Operation_Proposal_175 175-3,1,30,29,0
175,Single_Click_Operation_Proposal_175 175-3,2,30,30,0
175,Single_Click_Operation_Proposal_175 175-3,3,30,30,0
176,Single_Click_Operation_Proposal_176 176-1,1,29,29,0
176,Single_Click_Operation_Proposal_176 176-1,2,28,28,0
176,Single_Click_Operation_Proposal_176 176-1,3,28,28,0
176,Single_Click_Operation_Proposal_176 176-2,1,28,28,0
176,Single_Click_Operation_Proposal_176 176-2,2,29,29,0
176,Single_Click_Operation_Proposal_176 176-2,3,30,30,0
176,Single_Click_Operation_Proposal_176 176-3,1,29,29,0
176,Single_Click_Operation_Proposal_176 176-3,2,28,28,0
176,Single_Click_Operation_Proposal_176 176-3,3,30,30,0
177,Single_Click_Operation_Proposal_177 177-1,1,30,30,0
177,Single_Click_Operation_Proposal_177 177-1,2,29,29,0
177,Single_Click_Operation_Proposal_177 177-1,3,28,28,0
177,Single_Click_Operation_Proposal_177 177-2,1,30,30,0
177,Single_Click_Operation_Proposal_177 177-2,2,29,29,0
177,Single_Click_Operation_Proposal_177 177-2,3,28,28,0
177,Single_Click_Operation_Proposal_177 177-3,1,29,29,0
177,Single_Click_Operation_Proposal_177 177-3,2,28,28,0
177,Single_Click_Operation_Proposal_177 177-3,3,30,30,0
178,Single_Click_Operation_Proposal_178 178-1,1,29,29,0
178,Single_Click_Operation_Proposal_178 178-1,2,28,28,0
178,Single_Click_Operation_Proposal_178 178-1,3,29,29,0
178,Single_Click_Operation_Proposal_178 178-2,1,29,29,0
178,Single_Click_Operation_Proposal_178 178-2,2,30,30,0
178,Single_Click_Operation_Proposal_178 178-2,3,30,30,0
178,Single_Click_Operation_Proposal_178 178-3,1,30,30,0
178,Single_Click_Operation_Proposal_178 178-3,2,29,29,0
178,Single_Click_Operation_Proposal_178 178-3,3,28,28,0
179,Single_Click_Operation_Proposal_179 179-1,1,30,30,0
179,Single_Click_Operation_Proposal_179 179-1,2,30,30,0
179,Single_Click_Operation_Proposal_179 179-1,3,29,29,0
179,Single_Click_Operation_Proposal_179 179-2,1,31,31,0
179,Single_Click_Operation_Proposal_179 179-2,2,29,29,0
179,Single_Click_Operation_Proposal_179 179-2,3,41,41,0
179,Single_Click_Operation_Proposal_179 179-3,1,29,29,0
179,Single_Click_Operation_Proposal_179 179-3,2,29,29,0
179,Single_Click_Operation_Proposal_179 179-3,3,27,27,0
180,Single_Click_Operation_Proposal_180 180-1,1,31,31,0
180,Single_Click_Operation_Proposal_180 180-1,2,30,30,0
180,Single_Click_Operation_Proposal_180 180-1,3,29,29,0
180,Single_Click_Operation_Proposal_180 180-2,1,30,30,0
180,Single_Click_Operation_Proposal_180 180-2,2,29,29,0
180,Single_Click_Operation_Proposal_180 180-2,3,30,30,0
180,Single_Click_Operation_Proposal_180 180-3,1,29,28,0
180,Single_Click_Operation_Proposal_180 180-3,2,31,31,0
180,Single_Click_Operation_Proposal_180 180-3,3,30,30,0
181,Single_Click_Operation_Proposal_181 181-1,1,39,39,0
181,Single_Click_Operation_Proposal_181 181-1,2,28,28,0
181,Single_Click_Operation_Proposal_181 181-1,3,28,28,0
181,Single_Click_Operation_Proposal_181 181-2,1,28,28,0
181,Single_Click_Operation_Proposal_181 181-2,2,28,28,0
181,Single_Click_Operation_Proposal_181 181-2,3,28,28,0
181,Single_Click_Operation_Proposal_181 181-3,1,28,28,0
181,Single_Click_Operation_Proposal_181 181-3,2,31,31,0
181,Single_Click_Operation_Proposal_181 181-3,3,29,29,0
182,Single_Click_Operation_Proposal_182 182-1,1,29,29,0
182,Single_Click_Operation_Proposal_182 182-1,2,27,27,0
182,Single_Click_Operation_Proposal_182 182-1,3,30,30,0
182,Single_Click_Operation_Proposal_182 182-2,1,30,30,0
182,Single_Click_Operation_Proposal_182 182-2,2,28,28,0
182,Single_Click_Operation_Proposal_182 182-2,3,28,28,0
182,Single_Click_Operation_Proposal_182 182-3,1,28,28,0
182,Single_Click_Operation_Proposal_182 182-3,2,29,29,0
182,Single_Click_Operation_Proposal_182 182-3,3,28,28,0
183,Single_Click_Operation_Proposal_183 183-1,1,30,30,0
183,Single_Click_Operation_Proposal_183 183-1,2,27,27,0
183,Single_Click_Operation_Proposal_183 183-1,3,29,29,0
183,Single_Click_Operation_Proposal_183 183-2,1,28,28,0
183,Single_Click_Operation_Proposal_183 183-2,2,27,27,0
183,Single_Click_Operation_Proposal_183 183-2,3,27,27,0
183,Single_Click_Operation_Proposal_183 183-3,1,27,27,0
183,Single_Click_Operation_Proposal_183 183-3,2,30,30,0
183,Single_Click_Operation_Proposal_183 183-3,3,29,29,0
184,Single_Click_Operation_Proposal_184 184-1,1,32,32,0
184,Single_Click_Operation_Proposal_184 184-1,2,29,29,0
184,Single_Click_Operation_Proposal_184 184-1,3,29,29,0
184,Single_Click_Operation_Proposal_184 184-2,1,29,29,0
184,Single_Click_Operation_Proposal_184 184-2,2,30,30,0
184,Single_Click_Operation_Proposal_184 184-2,3,27,27,0
184,Single_Click_Operation_Proposal_184 184-3,1,29,29,0
184,Single_Click_Operation_Proposal_184 184-3,2,29,29,0
184,Single_Click_Operation_Proposal_184 184-3,3,29,29,0
185,Single_Click_Operation_Proposal_185 185-1,1,28,28,0
185,Single_Click_Operation_Proposal_185 185-1,2,28,28,0
185,Single_Click_Operation_Proposal_185 185-1,3,27,27,0
185,Single_Click_Operation_Proposal_185 185-2,1,30,30,0
185,Single_Click_Operation_Proposal_185 185-2,2,31,31,0
185,Single_Click_Operation_Proposal_185 185-2,3,27,27,0
185,Single_Click_Operation_Proposal_185 185-3,1,27,27,0
185,Single_Click_Operation_Proposal_185 185-3,2,29,29,0
185,Single_Click_Operation_Proposal_185 185-3,3,29,29,0
186,Single_Click_Operation_Proposal_186 186-1,1,28,28,0
186,Single_Click_Operation_Proposal_186 186-1,2,29,29,0
186,Single_Click_Operation_Proposal_186 186-1,3,32,32,0
186,Single_Click_Operation_Proposal_186 186-2,1,29,29,0
186,Single_Click_Operation_Proposal_186 186-2,2,29,29,0
186,Single_Click_Operation_Proposal_186 186-2,3,36,36,0
186,Single_Click_Operation_Proposal_186 186-3,1,28,28,0
186,Single_Click_Operation_Proposal_186 186-3,2,30,30,0
186,Single_Click_Operation_Proposal_186 186-3,3,28,28,0
187,Single_Click_Operation_Proposal_187 187-1,1,28,28,0
187,Single_Click_Operation_Proposal_187 187-1,2,29,29,0
187,Single_Click_Operation_Proposal_187 187-1,3,28,28,0
187,Single_Click_Operation_Proposal_187 187-2,1,28,28,0
187,Single_Click_Operation_Proposal_187 187-2,2,27,27,0
187,Single_Click_Operation_Proposal_187 187-2,3,28,28,0
187,Single_Click_Operation_Proposal_187 187-3,1,30,30,0
187,Single_Click_Operation_Proposal_187 187-3,2,33,33,0
187,Single_Click_Operation_Proposal_187 187-3,3,33,33,0
188,Single_Click_Operation_Proposal_188 188-1,1,39,39,0
188,Single_Click_Operation_Proposal_188 188-1,2,37,37,0
188,Single_Click_Operation_Proposal_188 188-1,3,32,32,0
188,Single_Click_Operation_Proposal_188 188-2,1,31,31,0
188,Single_Click_Operation_Proposal_188 188-2,2,38,38,0
188,Single_Click_Operation_Proposal_188 188-2,3,30,30,0
188,Single_Click_Operation_Proposal_188 188-3,1,29,29,0
188,Single_Click_Operation_Proposal_188 188-3,2,29,29,0
188,Single_Click_Operation_Proposal_188 188-3,3,28,28,0
189,Single_Click_Operation_Proposal_189 189-1,1,29,29,0
189,Single_Click_Operation_Proposal_189 189-1,2,39,39,0
189,Single_Click_Operation_Proposal_189 189-1,3,30,29,0
189,Single_Click_Operation_Proposal_189 189-2,1,30,30,0
189,Single_Click_Operation_Proposal_189 189-2,2,30,30,0
189,Single_Click_Operation_Proposal_189 189-2,3,29,29,0
189,Single_Click_Operation_Proposal_189 189-3,1,29,29,0
189,Single_Click_Operation_Proposal_189 189-3,2,30,30,0
189,Single_Click_Operation_Proposal_189 189-3,3,30,30,0
190,Single_Click_Operation_Proposal_190 190-1,1,30,30,0
190,Single_Click_Operation_Proposal_190 190-1,2,29,29,0
190,Single_Click_Operation_Proposal_190 190-1,3,29,28,0
190,Single_Click_Operation_Proposal_190 190-2,1,30,30,0
190,Single_Click_Operation_Proposal_190 190-2,2,29,29,0
190,Single_Click_Operation_Proposal_190 190-2,3,28,28,0
190,Single_Click_Operation_Proposal_190 190-3,1,31,31,0
190,Single_Click_Operation_Proposal_190 190-3,2,27,27,0
190,Single_Click_Operation_Proposal_190 190-3,3,25,25,0
191,Single_Click_Operation_Proposal_191 191-1,1,28,28,0
191,Single_Click_Operation_Proposal_191 191-1,2,30,30,0
191,Single_Click_Operation_Proposal_191 191-1,3,27,27,0
191,Single_Click_Operation_Proposal_191 191-2,1,27,27,0
191,Single_Click_Operation_Proposal_191 191-2,2,29,29,0
191,Single_Click_Operation_Proposal_191 191-2,3,31,31,0
191,Single_Click_Operation_Proposal_191 191-3,1,28,28,0
191,Single_Click_Operation_Proposal_191 191-3,2,26,26,0
191,Single_Click_Operation_Proposal_191 191-3,3,29,29,0
192,Single_Click_Operation_Proposal_192 192-1,1,29,29,0
192,Single_Click_Operation_Proposal_192 192-1,2,28,28,0
192,Single_Click_Operation_Proposal_192 192-1,3,29,29,0
192,Single_Click_Operation_Proposal_192 192-2,1,28,28,0
192,Single_Click_Operation_Proposal_192 192-2,2,28,28,0
192,Single_Click_Operation_Proposal_192 192-2,3,28,28,0
192,Single_Click_Operation_Proposal_192 192-3,1,29,29,0
192,Single_Click_Operation_Proposal_192 192-3,2,29,29,0
192,Single_Click_Operation_Proposal_192 192-3,3,30,30,0
193,Single_Click_Operation_Proposal_193 193-1,1,29,29,0
193,Single_Click_Operation_Proposal_193 193-1,2,29,29,0
193,Single_Click_Operation_Proposal_193 193-1,3,29,29,0
193,Single_Click_Operation_Proposal_193 193-2,1,29,29,0
193,Single_Click_Operation_Proposal_193 193-2,2,29,29,0
193,Single_Click_Operation_Proposal_193 193-2,3,29,29,0
193,Single_Click_Operation_Proposal_193 193-3,1,28,28,0
193,Single_Click_Operation_Proposal_193 193-3,2,30,30,0
193,Single_Click_Operation_Proposal_193 193-3,3,29,29,0
194,Single_Click_Operation_Proposal_194 194-1,1,31,31,0
194,Single_Click_Operation_Proposal_194 194-1,2,29,29,0
194,Single_Click_Operation_Proposal_194 194-1,3,28,28,0
194,Single_Click_Operation_Proposal_194 194-2,1,28,28,0
194,Single_Click_Operation_Proposal_194 194-2,2,28,27,0
194,Single_Click_Operation_Proposal_194 194-2,3,29,29,0
194,Single_Click_Operation_Proposal_194 194-3,1,31,31,0
194,Single_Click_Operation_Proposal_194 194-3,2,28,28,0
194,Single_Click_Operation_Proposal_194 194-3,3,29,29,0
195,Single_Click_Operation_Proposal_195 195-1,1,29,29,0
195,Single_Click_Operation_Proposal_195 195-1,2,30,30,0
195,Single_Click_Operation_Proposal_195 195-1,3,28,28,0
195,Single_Click_Operation_Proposal_195 195-2,1,27,27,0
195,Single_Click_Operation_Proposal_195 195-2,2,27,27,0
195,Single_Click_Operation_Proposal_195 195-2,3,35,35,0
195,Single_Click_Operation_Proposal_195 195-3,1,28,28,0
195,Single_Click_Operation_Proposal_195 195-3,2,34,34,0
195,Single_Click_Operation_Proposal_195 195-3,3,29,29,0
196,Single_Click_Operation_Proposal_196 196-1,1,27,27,0
196,Single_Click_Operation_Proposal_196 196-1,2,29,29,0
196,Single_Click_Operation_Proposal_196 196-1,3,30,30,0
196,Single_Click_Operation_Proposal_196 196-2,1,27,27,0
196,Single_Click_Operation_Proposal_196 196-2,2,29,29,0
196,Single_Click_Operation_Proposal_196 196-2,3,29,29,0
196,Single_Click_Operation_Proposal_196 196-3,1,30,30,0
196,Single_Click_Operation_Proposal_196 196-3,2,28,28,0
196,Single_Click_Operation_Proposal_196 196-3,3,28,28,0
197,Single_Click_Operation_Proposal_197 197-1,1,30,30,0
197,Single_Click_Operation_Proposal_197 197-1,2,27,27,0
197,Single_Click_Operation_Proposal_197 197-1,3,30,30,0
197,Single_Click_Operation_Proposal_197 197-2,1,65,65,0
197,Single_Click_Operation_Proposal_197 197-2,2,30,30,0
197,Single_Click_Operation_Proposal_197 197-2,3,29,29,0
197,Single_Click_Operation_Proposal_197 197-3,1,31,31,0
197,Single_Click_Operation_Proposal_197 197-3,2,31,31,0
197,Single_Click_Operation_Proposal_197 197-3,3,28,27,0
198,Single_Click_Operation_Proposal_198 198-1,1,30,30,0
198,Single_Click_Operation_Proposal_198 198-1,2,28,28,0
198,Single_Click_Operation_Proposal_198 198-1,3,26,26,0
198,Single_Click_Operation_Proposal_198 198-2,1,28,28,0
198,Single_Click_Operation_Proposal_198 198-2,2,27,27,0
198,Single_Click_Operation_Proposal_198 198-2,3,27,27,0
198,Single_Click_Operation_Proposal_198 198-3,1,29,29,0
198,Single_Click_Operation_Proposal_198 198-3,2,29,29,0
198,Single_Click_Operation_Proposal_198 198-3,3,29,29,0
199,Single_Click_Operation_Proposal_199 199-1,1,29,29,0
199,Single_Click_Operation_Proposal_199 199-1,2,28,28,0
199,Single_Click_Operation_Proposal_199 199-1,3,29,29,0
199,Single_Click_Operation_Proposal_199 199-2,1,28,28,0
199,Single_Click_Operation_Proposal_199 199-2,2,28,28,0
199,Single_Click_Operation_Proposal_199 199-2,3,33,33,0
199,Single_Click_Operation_Proposal_199 199-3,1,29,29,0
199,Single_Click_Operation_Proposal_199 199-3,2,28,28,0
199,Single_Click_Operation_Proposal_199 199-3,3,28,28,0
200,Single_Click_Operation_Proposal_200 200-1,1,28,28,0
200,Single_Click_Operation_Proposal_200 200-1,2,28,28,0
200,Single_Click_Operation_Proposal_200 200-1,3,30,30,0
200,Single_Click_Operation_Proposal_200 200-2,1,32,32,0
200,Single_Click_Operation_Proposal_200 200-2,2,28,28,0
200,Single_Click_Operation_Proposal_200 200-2,3,39,39,0
200,Single_Click_Operation_Proposal_200 200-3,1,28,28,0
200,Single_Click_Operation_Proposal_200 200-3,2,27,27,0
200,Single_Click_Operation_Proposal_200 200-3,3,29,29,0
