timeStamp,elapsed,label,responseCode,responseMessage,threadName,dataType,success,failureMessage,bytes,sentBytes,grpThreads,allThreads,URL,Latency,IdleTime,Connect
1657444677963,311,HTTP Request,200,,Thread Group 1-9,text,true,,177,101719,10,10,http://localhost:8080/minorversion/multipart/createFromXml/,311,0,1
1657444677940,347,HTTP Request,200,,Thread Group 1-1,text,true,,179,101727,9,9,http://localhost:8080/minorversion/multipart/createFromXml/,347,0,2
1657444677941,352,HTTP Request,200,,Thread Group 1-3,text,true,,179,101743,8,8,http://localhost:8080/minorversion/multipart/createFromXml/,352,0,1
1657444677959,340,HTTP Request,200,,Thread Group 1-8,text,true,,179,101743,8,8,http://localhost:8080/minorversion/multipart/createFromXml/,340,0,1
1657444677959,342,HTTP Request,200,,Thread Group 1-4,text,true,,179,101707,6,6,http://localhost:8080/minorversion/multipart/createFromXml/,342,0,1
1657444677948,342,HTTP Request,200,,Thread Group 1-5,text,true,,179,101711,5,5,http://localhost:8080/minorversion/multipart/createFromXml/,342,0,1
1657444677941,366,HTTP Request,200,,Thread Group 1-2,text,true,,179,101707,4,4,http://localhost:8080/minorversion/multipart/createFromXml/,366,0,1
1657444677950,363,HTTP Request,200,,Thread Group 1-6,text,true,,179,101735,3,3,http://localhost:8080/minorversion/multipart/createFromXml/,363,0,1
1657444677970,347,HTTP Request,200,,Thread Group 1-10,text,true,,179,101715,2,2,http://localhost:8080/minorversion/multipart/createFromXml/,347,0,1
1657444677954,377,HTTP Request,200,,Thread Group 1-7,text,true,,179,101735,1,1,http://localhost:8080/minorversion/multipart/createFromXml/,376,0,2
