timeStamp,elapsed,label,responseCode,responseMessage,threadName,dataType,success,failureMessage,bytes,sentBytes,grpThreads,allThreads,URL,Latency,IdleTime,Connect
1657132728113,884,HTTP Request,500,,Thread Group 1-4,text,false,,144,101738,5,5,http://cs-d-ttebe01:8081/minorversion/multipart/createFromXml/,870,0,23
1657132727874,1125,HTTP Request,500,,Thread Group 1-3,text,false,,144,101710,5,5,http://cs-d-ttebe01:8081/minorversion/multipart/createFromXml/,1109,0,233
1657132727832,1166,HTTP Request,500,,Thread Group 1-2,text,false,,144,101718,5,5,http://cs-d-ttebe01:8081/minorversion/multipart/createFromXml/,1151,0,275
1657132728331,666,HTTP Request,200,,Thread Group 1-5,text,true,,166,101718,5,5,http://cs-d-ttebe01:8081/minorversion/multipart/createFromXml/,652,0,115
1657132727832,1475,HTTP Request,200,,Thread Group 1-1,text,true,,166,101738,5,5,http://cs-d-ttebe01:8081/minorversion/multipart/createFromXml/,1475,0,1278
1657132732027,354,HTTP Request,200,,Thread Group 1-3,text,true,,166,101710,5,5,http://cs-d-ttebe01:8081/minorversion/multipart/createFromXml/,354,0,21
1657132732322,179,HTTP Request,200,,Thread Group 1-1,text,true,,166,101714,5,5,http://cs-d-ttebe01:8081/minorversion/multipart/createFromXml/,179,0,0
1657132732029,681,HTTP Request,200,,Thread Group 1-2,text,true,,166,101710,5,5,http://cs-d-ttebe01:8081/minorversion/multipart/createFromXml/,681,0,22
1657132732027,698,HTTP Request,500,,Thread Group 1-4,text,false,,144,101730,5,5,http://cs-d-ttebe01:8081/minorversion/multipart/createFromXml/,698,0,26
1657132732033,714,HTTP Request,200,,Thread Group 1-5,text,true,,166,101722,5,5,http://cs-d-ttebe01:8081/minorversion/multipart/createFromXml/,714,0,0
1657132735383,193,HTTP Request,200,,Thread Group 1-3,text,true,,166,101710,5,5,http://cs-d-ttebe01:8081/minorversion/multipart/createFromXml/,193,0,0
1657132735507,188,HTTP Request,200,,Thread Group 1-1,text,true,,166,101722,5,5,http://cs-d-ttebe01:8081/minorversion/multipart/createFromXml/,188,0,0
1657132735750,327,HTTP Request,200,,Thread Group 1-5,text,true,,166,101750,5,5,http://cs-d-ttebe01:8081/minorversion/multipart/createFromXml/,327,0,0
1657132735734,433,HTTP Request,200,,Thread Group 1-4,text,true,,166,101734,5,5,http://cs-d-ttebe01:8081/minorversion/multipart/createFromXml/,433,0,30
1657132735719,452,HTTP Request,500,,Thread Group 1-2,text,false,,144,101722,5,5,http://cs-d-ttebe01:8081/minorversion/multipart/createFromXml/,451,0,0
1657132738581,182,HTTP Request,200,,Thread Group 1-3,text,true,,166,101746,5,5,http://cs-d-ttebe01:8081/minorversion/multipart/createFromXml/,182,0,0
1657132738702,201,HTTP Request,200,,Thread Group 1-1,text,true,,166,101738,5,5,http://cs-d-ttebe01:8081/minorversion/multipart/createFromXml/,201,0,0
1657132739169,242,HTTP Request,200,,Thread Group 1-4,text,true,,166,101718,5,5,http://cs-d-ttebe01:8081/minorversion/multipart/createFromXml/,242,0,0
1657132739184,341,HTTP Request,200,,Thread Group 1-2,text,true,,166,101726,5,5,http://cs-d-ttebe01:8081/minorversion/multipart/createFromXml/,341,0,92
1657132739090,572,HTTP Request,200,,Thread Group 1-5,text,true,,166,101714,5,5,http://cs-d-ttebe01:8081/minorversion/multipart/createFromXml/,572,0,0
1657132741768,179,HTTP Request,200,,Thread Group 1-3,text,true,,166,101730,5,5,http://cs-d-ttebe01:8081/minorversion/multipart/createFromXml/,179,0,0
1657132741908,176,HTTP Request,200,,Thread Group 1-1,text,true,,166,101722,5,5,http://cs-d-ttebe01:8081/minorversion/multipart/createFromXml/,176,0,0
1657132742419,179,HTTP Request,200,,Thread Group 1-4,text,true,,166,101710,5,5,http://cs-d-ttebe01:8081/minorversion/multipart/createFromXml/,179,0,0
1657132742531,192,HTTP Request,200,,Thread Group 1-2,text,true,,166,101714,5,5,http://cs-d-ttebe01:8081/minorversion/multipart/createFromXml/,192,0,0
1657132742671,179,HTTP Request,200,,Thread Group 1-5,text,true,,166,101726,5,5,http://cs-d-ttebe01:8081/minorversion/multipart/createFromXml/,179,0,0
1657132744959,191,HTTP Request,200,,Thread Group 1-3,text,true,,166,101750,5,5,http://cs-d-ttebe01:8081/minorversion/multipart/createFromXml/,191,0,0
1657132745094,186,HTTP Request,200,,Thread Group 1-1,text,true,,166,101742,5,5,http://cs-d-ttebe01:8081/minorversion/multipart/createFromXml/,186,0,0
1657132745608,182,HTTP Request,200,,Thread Group 1-4,text,true,,166,101746,5,5,http://cs-d-ttebe01:8081/minorversion/multipart/createFromXml/,182,0,0
1657132745730,230,HTTP Request,200,,Thread Group 1-2,text,true,,166,101738,5,5,http://cs-d-ttebe01:8081/minorversion/multipart/createFromXml/,230,0,0
1657132745855,188,HTTP Request,200,,Thread Group 1-5,text,true,,166,101730,5,5,http://cs-d-ttebe01:8081/minorversion/multipart/createFromXml/,188,0,0
1657132748164,199,HTTP Request,200,,Thread Group 1-3,text,true,,166,101734,5,5,http://cs-d-ttebe01:8081/minorversion/multipart/createFromXml/,199,0,0
1657132748289,179,HTTP Request,200,,Thread Group 1-1,text,true,,166,101714,5,5,http://cs-d-ttebe01:8081/minorversion/multipart/createFromXml/,179,0,0
1657132748797,186,HTTP Request,200,,Thread Group 1-4,text,true,,166,101726,5,5,http://cs-d-ttebe01:8081/minorversion/multipart/createFromXml/,185,0,0
1657132748966,234,HTTP Request,200,,Thread Group 1-2,text,true,,166,101750,5,5,http://cs-d-ttebe01:8081/minorversion/multipart/createFromXml/,234,0,0
1657132749057,210,HTTP Request,200,,Thread Group 1-5,text,true,,166,101734,5,5,http://cs-d-ttebe01:8081/minorversion/multipart/createFromXml/,210,0,0
1657132751373,172,HTTP Request,200,,Thread Group 1-3,text,true,,166,101750,5,5,http://cs-d-ttebe01:8081/minorversion/multipart/createFromXml/,172,0,0
1657132751481,192,HTTP Request,200,,Thread Group 1-1,text,true,,166,101710,5,5,http://cs-d-ttebe01:8081/minorversion/multipart/createFromXml/,192,0,0
1657132751992,186,HTTP Request,200,,Thread Group 1-4,text,true,,166,101734,5,5,http://cs-d-ttebe01:8081/minorversion/multipart/createFromXml/,186,0,0
1657132752207,279,HTTP Request,200,,Thread Group 1-2,text,true,,166,101726,5,5,http://cs-d-ttebe01:8081/minorversion/multipart/createFromXml/,279,0,0
1657132752287,277,HTTP Request,200,,Thread Group 1-5,text,true,,166,101750,5,5,http://cs-d-ttebe01:8081/minorversion/multipart/createFromXml/,277,0,0
1657132754546,177,HTTP Request,200,,Thread Group 1-3,text,true,,166,101726,5,5,http://cs-d-ttebe01:8081/minorversion/multipart/createFromXml/,177,0,0
1657132754684,180,HTTP Request,200,,Thread Group 1-1,text,true,,166,101726,5,5,http://cs-d-ttebe01:8081/minorversion/multipart/createFromXml/,180,0,0
1657132755181,182,HTTP Request,200,,Thread Group 1-4,text,true,,166,101710,5,5,http://cs-d-ttebe01:8081/minorversion/multipart/createFromXml/,182,0,0
1657132755516,228,HTTP Request,200,,Thread Group 1-2,text,true,,166,101718,5,5,http://cs-d-ttebe01:8081/minorversion/multipart/createFromXml/,228,0,0
1657132755578,230,HTTP Request,200,,Thread Group 1-5,text,true,,166,101714,5,5,http://cs-d-ttebe01:8081/minorversion/multipart/createFromXml/,229,0,0
1657132757869,187,HTTP Request,200,,Thread Group 1-1,text,true,,166,101734,5,5,http://cs-d-ttebe01:8081/minorversion/multipart/createFromXml/,187,0,0
1657132757728,544,HTTP Request,200,,Thread Group 1-3,text,true,,166,101714,5,5,http://cs-d-ttebe01:8081/minorversion/multipart/createFromXml/,544,0,0
1657132758366,169,HTTP Request,200,,Thread Group 1-4,text,true,,166,101710,5,5,http://cs-d-ttebe01:8081/minorversion/multipart/createFromXml/,169,0,0
1657132758757,237,HTTP Request,200,,Thread Group 1-2,text,true,,166,101722,5,5,http://cs-d-ttebe01:8081/minorversion/multipart/createFromXml/,237,0,0
1657132758819,239,HTTP Request,200,,Thread Group 1-5,text,true,,166,101714,5,5,http://cs-d-ttebe01:8081/minorversion/multipart/createFromXml/,239,0,0
1657132761067,169,HTTP Request,200,,Thread Group 1-1,text,true,,166,101738,5,5,http://cs-d-ttebe01:8081/minorversion/multipart/createFromXml/,169,0,0
1657132761285,182,HTTP Request,200,,Thread Group 1-3,text,true,,166,101722,5,5,http://cs-d-ttebe01:8081/minorversion/multipart/createFromXml/,182,0,0
1657132761546,178,HTTP Request,200,,Thread Group 1-4,text,true,,166,101726,5,5,http://cs-d-ttebe01:8081/minorversion/multipart/createFromXml/,178,0,0
1657132761996,179,HTTP Request,200,,Thread Group 1-2,text,true,,166,101742,5,5,http://cs-d-ttebe01:8081/minorversion/multipart/createFromXml/,179,0,0
1657132762073,221,HTTP Request,200,,Thread Group 1-5,text,true,,166,101738,5,5,http://cs-d-ttebe01:8081/minorversion/multipart/createFromXml/,221,0,0
1657132764243,195,HTTP Request,200,,Thread Group 1-1,text,true,,166,101746,5,5,http://cs-d-ttebe01:8081/minorversion/multipart/createFromXml/,195,0,0
1657132764473,185,HTTP Request,200,,Thread Group 1-3,text,true,,166,101750,5,5,http://cs-d-ttebe01:8081/minorversion/multipart/createFromXml/,185,0,0
1657132764737,185,HTTP Request,200,,Thread Group 1-4,text,true,,166,101718,5,5,http://cs-d-ttebe01:8081/minorversion/multipart/createFromXml/,185,0,0
1657132765188,176,HTTP Request,200,,Thread Group 1-2,text,true,,166,101714,5,5,http://cs-d-ttebe01:8081/minorversion/multipart/createFromXml/,176,0,0
1657132765298,189,HTTP Request,200,,Thread Group 1-5,text,true,,166,101722,5,5,http://cs-d-ttebe01:8081/minorversion/multipart/createFromXml/,189,0,0
1657132767440,165,HTTP Request,200,,Thread Group 1-1,text,true,,166,101750,5,5,http://cs-d-ttebe01:8081/minorversion/multipart/createFromXml/,165,0,0
1657132767688,175,HTTP Request,200,,Thread Group 1-3,text,true,,166,101718,5,5,http://cs-d-ttebe01:8081/minorversion/multipart/createFromXml/,175,0,0
1657132767934,173,HTTP Request,200,,Thread Group 1-4,text,true,,166,101750,5,5,http://cs-d-ttebe01:8081/minorversion/multipart/createFromXml/,173,0,0
1657132768366,181,HTTP Request,200,,Thread Group 1-2,text,true,,166,101710,5,5,http://cs-d-ttebe01:8081/minorversion/multipart/createFromXml/,181,0,0
1657132768488,175,HTTP Request,200,,Thread Group 1-5,text,true,,166,101750,5,5,http://cs-d-ttebe01:8081/minorversion/multipart/createFromXml/,175,0,0
1657132770612,172,HTTP Request,200,,Thread Group 1-1,text,true,,166,101738,5,5,http://cs-d-ttebe01:8081/minorversion/multipart/createFromXml/,172,0,0
1657132770873,174,HTTP Request,200,,Thread Group 1-3,text,true,,166,101710,5,5,http://cs-d-ttebe01:8081/minorversion/multipart/createFromXml/,174,0,0
1657132771122,188,HTTP Request,200,,Thread Group 1-4,text,true,,166,101746,5,5,http://cs-d-ttebe01:8081/minorversion/multipart/createFromXml/,188,0,0
1657132771556,182,HTTP Request,200,,Thread Group 1-2,text,true,,166,101718,5,5,http://cs-d-ttebe01:8081/minorversion/multipart/createFromXml/,182,0,0
1657132771678,178,HTTP Request,200,,Thread Group 1-5,text,true,,166,101710,5,5,http://cs-d-ttebe01:8081/minorversion/multipart/createFromXml/,178,0,0
1657132773790,174,HTTP Request,200,,Thread Group 1-1,text,true,,166,101710,5,5,http://cs-d-ttebe01:8081/minorversion/multipart/createFromXml/,174,0,0
1657132774051,173,HTTP Request,200,,Thread Group 1-3,text,true,,166,101738,5,5,http://cs-d-ttebe01:8081/minorversion/multipart/createFromXml/,173,0,0
1657132774316,168,HTTP Request,200,,Thread Group 1-4,text,true,,166,101718,5,5,http://cs-d-ttebe01:8081/minorversion/multipart/createFromXml/,168,0,0
1657132774753,175,HTTP Request,200,,Thread Group 1-2,text,true,,166,101746,5,5,http://cs-d-ttebe01:8081/minorversion/multipart/createFromXml/,175,0,0
1657132774862,187,HTTP Request,200,,Thread Group 1-5,text,true,,166,101746,5,5,http://cs-d-ttebe01:8081/minorversion/multipart/createFromXml/,187,0,0
1657132776977,187,HTTP Request,200,,Thread Group 1-1,text,true,,166,101714,5,5,http://cs-d-ttebe01:8081/minorversion/multipart/createFromXml/,187,0,0
1657132777224,167,HTTP Request,200,,Thread Group 1-3,text,true,,166,101742,5,5,http://cs-d-ttebe01:8081/minorversion/multipart/createFromXml/,167,0,0
1657132777487,178,HTTP Request,200,,Thread Group 1-4,text,true,,166,101722,5,5,http://cs-d-ttebe01:8081/minorversion/multipart/createFromXml/,178,0,0
1657132777937,187,HTTP Request,200,,Thread Group 1-2,text,true,,166,101742,5,5,http://cs-d-ttebe01:8081/minorversion/multipart/createFromXml/,187,0,0
1657132778058,183,HTTP Request,200,,Thread Group 1-5,text,true,,166,101726,5,5,http://cs-d-ttebe01:8081/minorversion/multipart/createFromXml/,183,0,0
1657132780176,175,HTTP Request,200,,Thread Group 1-1,text,true,,166,101730,5,5,http://cs-d-ttebe01:8081/minorversion/multipart/createFromXml/,175,0,0
1657132780394,176,HTTP Request,200,,Thread Group 1-3,text,true,,166,101718,5,5,http://cs-d-ttebe01:8081/minorversion/multipart/createFromXml/,176,0,0
1657132780673,176,HTTP Request,200,,Thread Group 1-4,text,true,,166,101742,5,5,http://cs-d-ttebe01:8081/minorversion/multipart/createFromXml/,176,0,0
1657132781139,177,HTTP Request,200,,Thread Group 1-2,text,true,,166,101730,5,5,http://cs-d-ttebe01:8081/minorversion/multipart/createFromXml/,177,0,0
1657132781248,189,HTTP Request,200,,Thread Group 1-5,text,true,,166,101734,5,5,http://cs-d-ttebe01:8081/minorversion/multipart/createFromXml/,189,0,0
1657132783366,186,HTTP Request,200,,Thread Group 1-1,text,true,,166,101750,5,5,http://cs-d-ttebe01:8081/minorversion/multipart/createFromXml/,186,0,0
1657132783582,168,HTTP Request,200,,Thread Group 1-3,text,true,,166,101734,5,5,http://cs-d-ttebe01:8081/minorversion/multipart/createFromXml/,168,0,0
1657132783860,183,HTTP Request,200,,Thread Group 1-4,text,true,,166,101718,5,5,http://cs-d-ttebe01:8081/minorversion/multipart/createFromXml/,183,0,0
1657132784328,211,HTTP Request,200,,Thread Group 1-2,text,true,,166,101746,5,5,http://cs-d-ttebe01:8081/minorversion/multipart/createFromXml/,211,0,0
1657132784447,208,HTTP Request,200,,Thread Group 1-5,text,true,,166,101746,5,5,http://cs-d-ttebe01:8081/minorversion/multipart/createFromXml/,208,0,0
1657132786558,171,HTTP Request,200,,Thread Group 1-1,text,true,,166,101750,5,5,http://cs-d-ttebe01:8081/minorversion/multipart/createFromXml/,171,0,0
1657132786809,184,HTTP Request,200,,Thread Group 1-3,text,true,,166,101726,5,5,http://cs-d-ttebe01:8081/minorversion/multipart/createFromXml/,184,0,0
1657132787050,167,HTTP Request,200,,Thread Group 1-4,text,true,,166,101726,5,5,http://cs-d-ttebe01:8081/minorversion/multipart/createFromXml/,167,0,0
1657132787541,187,HTTP Request,200,,Thread Group 1-2,text,true,,166,101734,5,5,http://cs-d-ttebe01:8081/minorversion/multipart/createFromXml/,187,0,0
1657132787666,184,HTTP Request,200,,Thread Group 1-5,text,true,,166,101726,5,5,http://cs-d-ttebe01:8081/minorversion/multipart/createFromXml/,184,0,0
1657132789731,350,HTTP Request,200,,Thread Group 1-1,text,true,,166,101718,5,5,http://cs-d-ttebe01:8081/minorversion/multipart/createFromXml/,350,0,178
1657132790011,187,HTTP Request,200,,Thread Group 1-3,text,true,,166,101710,5,5,http://cs-d-ttebe01:8081/minorversion/multipart/createFromXml/,187,0,0
1657132790223,188,HTTP Request,200,,Thread Group 1-4,text,true,,166,101722,5,5,http://cs-d-ttebe01:8081/minorversion/multipart/createFromXml/,188,0,0
1657132790736,194,HTTP Request,200,,Thread Group 1-2,text,true,,166,101734,5,5,http://cs-d-ttebe01:8081/minorversion/multipart/createFromXml/,194,0,0
1657132790881,236,HTTP Request,200,,Thread Group 1-5,text,true,,166,101750,5,5,http://cs-d-ttebe01:8081/minorversion/multipart/createFromXml/,236,0,58
1657132793091,179,HTTP Request,200,,Thread Group 1-1,text,true,,166,101710,5,5,http://cs-d-ttebe01:8081/minorversion/multipart/createFromXml/,179,0,0
1657132793246,196,HTTP Request,200,,Thread Group 1-3,text,true,,166,101730,5,5,http://cs-d-ttebe01:8081/minorversion/multipart/createFromXml/,196,0,25
1657132793416,160,HTTP Request,Non HTTP response code: java.net.SocketException,Non HTTP response message: Socket closed,Thread Group 1-4,text,false,,2556,0,4,4,http://cs-d-ttebe01:8081/minorversion/multipart/createFromXml/,0,0,0
